ID,wav,speaker
v3_voices_id0004_English_zj-c7DJ5NW4_00016,v3/voices/id0004/English/zj-c7DJ5NW4/00016.wav,id0004
v3_voices_id0032_English_KZGmd1mu1Dw_00006,v3/voices/id0032/English/KZGmd1mu1Dw/00006.wav,id0032
v3_voices_id0041_English_CPeL9KYX_yg_00008,v3/voices/id0041/English/CPeL9KYX_yg/00008.wav,id0041
v3_voices_id0055_English_GZniQ7YjXmI_00000,v3/voices/id0055/English/GZniQ7YjXmI/00000.wav,id0055
v3_voices_id0042_English_Mk_67nbaQ1Q_00011,v3/voices/id0042/English/Mk_67nbaQ1Q/00011.wav,id0042
v3_voices_id0022_English_uaImIRUyZqw_00005,v3/voices/id0022/English/uaImIRUyZqw/00005.wav,id0022
v3_voices_id0027_English_nVLVU-Jr1nU_00004,v3/voices/id0027/English/nVLVU-Jr1nU/00004.wav,id0027
v3_voices_id0027_English_nVLVU-Jr1nU_00008,v3/voices/id0027/English/nVLVU-Jr1nU/00008.wav,id0027
v3_voices_id0042_English_Mk_67nbaQ1Q_00004,v3/voices/id0042/English/Mk_67nbaQ1Q/00004.wav,id0042
v3_voices_id0057_English_mho36qHpAbk_00026,v3/voices/id0057/English/mho36qHpAbk/00026.wav,id0057
v3_voices_id0042_English_Gt0gHGgPceU_00001,v3/voices/id0042/English/Gt0gHGgPceU/00001.wav,id0042
v3_voices_id0012_English_zKC-SDHPE-I_00004,v3/voices/id0012/English/zKC-SDHPE-I/00004.wav,id0012
v3_voices_id0057_English_mho36qHpAbk_00013,v3/voices/id0057/English/mho36qHpAbk/00013.wav,id0057
v3_voices_id0047_English_u-cLZ4X3tSw_00004,v3/voices/id0047/English/u-cLZ4X3tSw/00004.wav,id0047
v3_voices_id0002_English_gvPM4ePeZ0s_00006,v3/voices/id0002/English/gvPM4ePeZ0s/00006.wav,id0002
v3_voices_id0044_English_festftsGYFI_00002,v3/voices/id0044/English/festftsGYFI/00002.wav,id0044
v3_voices_id0047_English_X7tLHPe1qjY_00007,v3/voices/id0047/English/X7tLHPe1qjY/00007.wav,id0047
v3_voices_id0005_English_z9r4IWdxW1w_00013,v3/voices/id0005/English/z9r4IWdxW1w/00013.wav,id0005
v3_voices_id0036_English_oRuw7tlZfO8_00000,v3/voices/id0036/English/oRuw7tlZfO8/00000.wav,id0036
v3_voices_id0044_English_GKxr7PGjuqc_00009,v3/voices/id0044/English/GKxr7PGjuqc/00009.wav,id0044
v3_voices_id0048_English_oQ4Y6GEHhyo_00012,v3/voices/id0048/English/oQ4Y6GEHhyo/00012.wav,id0048
v3_voices_id0057_English_b-BJEln9t-Q_00024,v3/voices/id0057/English/b-BJEln9t-Q/00024.wav,id0057
v3_voices_id0009_English_O3Ui-yWKzhc_00012,v3/voices/id0009/English/O3Ui-yWKzhc/00012.wav,id0009
v3_voices_id0041_English_uvkmmOTJ0bE_00004,v3/voices/id0041/English/uvkmmOTJ0bE/00004.wav,id0041
v3_voices_id0020_English_rXLtmk4MJSU_00028,v3/voices/id0020/English/rXLtmk4MJSU/00028.wav,id0020
v3_voices_id0001_English_h_vamljclHE_00000,v3/voices/id0001/English/h_vamljclHE/00000.wav,id0001
v3_voices_id0044_English_WietmlmC9z0_00044,v3/voices/id0044/English/WietmlmC9z0/00044.wav,id0044
v3_voices_id0048_English_FUaGL27xxYc_00002,v3/voices/id0048/English/FUaGL27xxYc/00002.wav,id0048
v3_voices_id0057_English_mho36qHpAbk_00045,v3/voices/id0057/English/mho36qHpAbk/00045.wav,id0057
v3_voices_id0022_English_uaImIRUyZqw_00021,v3/voices/id0022/English/uaImIRUyZqw/00021.wav,id0022
v3_voices_id0044_English_fnhOoPPJZ7s_00017,v3/voices/id0044/English/fnhOoPPJZ7s/00017.wav,id0044
v3_voices_id0052_English_fnortnOBv8M_00034,v3/voices/id0052/English/fnortnOBv8M/00034.wav,id0052
v3_voices_id0042_English_Mk_67nbaQ1Q_00008,v3/voices/id0042/English/Mk_67nbaQ1Q/00008.wav,id0042
v3_voices_id0048_English_oQ4Y6GEHhyo_00029,v3/voices/id0048/English/oQ4Y6GEHhyo/00029.wav,id0048
v3_voices_id0004_English_zj-c7DJ5NW4_00009,v3/voices/id0004/English/zj-c7DJ5NW4/00009.wav,id0004
v3_voices_id0052_English_fnortnOBv8M_00013,v3/voices/id0052/English/fnortnOBv8M/00013.wav,id0052
v3_voices_id0041_English_uvkmmOTJ0bE_00008,v3/voices/id0041/English/uvkmmOTJ0bE/00008.wav,id0041
v3_voices_id0043_English_Ab5NbdTqPeA_00036,v3/voices/id0043/English/Ab5NbdTqPeA/00036.wav,id0043
v3_voices_id0027_English_nVLVU-Jr1nU_00007,v3/voices/id0027/English/nVLVU-Jr1nU/00007.wav,id0027
v3_voices_id0022_English_pz9DMTtrjwQ_00014,v3/voices/id0022/English/pz9DMTtrjwQ/00014.wav,id0022
v3_voices_id0027_English_nVLVU-Jr1nU_00011,v3/voices/id0027/English/nVLVU-Jr1nU/00011.wav,id0027
v3_voices_id0045_English_q9WK-RUDJcg_00004,v3/voices/id0045/English/q9WK-RUDJcg/00004.wav,id0045
v3_voices_id0057_English_b-BJEln9t-Q_00020,v3/voices/id0057/English/b-BJEln9t-Q/00020.wav,id0057
v3_voices_id0044_English_a08Tue6lb0Q_00001,v3/voices/id0044/English/a08Tue6lb0Q/00001.wav,id0044
v3_voices_id0020_English_qCcxyTa7gUQ_00000,v3/voices/id0020/English/qCcxyTa7gUQ/00000.wav,id0020
v3_voices_id0016_English_iMQNAdDAXpU_00006,v3/voices/id0016/English/iMQNAdDAXpU/00006.wav,id0016
v3_voices_id0043_English_Ab5NbdTqPeA_00002,v3/voices/id0043/English/Ab5NbdTqPeA/00002.wav,id0043
v3_voices_id0048_English_1EflTHDLE24_00000,v3/voices/id0048/English/1EflTHDLE24/00000.wav,id0048
v3_voices_id0052_English_fnortnOBv8M_00063,v3/voices/id0052/English/fnortnOBv8M/00063.wav,id0052
v3_voices_id0057_English_mho36qHpAbk_00050,v3/voices/id0057/English/mho36qHpAbk/00050.wav,id0057
v3_voices_id0044_English_Gx9wJk7KjQc_00016,v3/voices/id0044/English/Gx9wJk7KjQc/00016.wav,id0044
v3_voices_id0038_English_3bGH1U1y7rw_00000,v3/voices/id0038/English/3bGH1U1y7rw/00000.wav,id0038
v3_voices_id0052_English_H3k1XvAhqUo_00006,v3/voices/id0052/English/H3k1XvAhqUo/00006.wav,id0052
v3_voices_id0044_English_GKxr7PGjuqc_00027,v3/voices/id0044/English/GKxr7PGjuqc/00027.wav,id0044
v3_voices_id0057_English_mho36qHpAbk_00011,v3/voices/id0057/English/mho36qHpAbk/00011.wav,id0057
v3_voices_id0052_English_3fq6SOjklHQ_00013,v3/voices/id0052/English/3fq6SOjklHQ/00013.wav,id0052
v3_voices_id0057_English_b-BJEln9t-Q_00010,v3/voices/id0057/English/b-BJEln9t-Q/00010.wav,id0057
v3_voices_id0009_English_O3Ui-yWKzhc_00026,v3/voices/id0009/English/O3Ui-yWKzhc/00026.wav,id0009
v3_voices_id0013_English_-jXipE2hraA_00000,v3/voices/id0013/English/-jXipE2hraA/00000.wav,id0013
v3_voices_id0048_English_FUaGL27xxYc_00009,v3/voices/id0048/English/FUaGL27xxYc/00009.wav,id0048
v3_voices_id0057_English_b-BJEln9t-Q_00023,v3/voices/id0057/English/b-BJEln9t-Q/00023.wav,id0057
v3_voices_id0053_English_2fth5hkjyns_00003,v3/voices/id0053/English/2fth5hkjyns/00003.wav,id0053
v3_voices_id0027_English_56Rcw9QmcPw_00013,v3/voices/id0027/English/56Rcw9QmcPw/00013.wav,id0027
v3_voices_id0002_English_gvPM4ePeZ0s_00005,v3/voices/id0002/English/gvPM4ePeZ0s/00005.wav,id0002
v3_voices_id0041_English_CPeL9KYX_yg_00016,v3/voices/id0041/English/CPeL9KYX_yg/00016.wav,id0041
v3_voices_id0025_English_UEqX-YAol1Q_00000,v3/voices/id0025/English/UEqX-YAol1Q/00000.wav,id0025
v3_voices_id0044_English_a08Tue6lb0Q_00008,v3/voices/id0044/English/a08Tue6lb0Q/00008.wav,id0044
v3_voices_id0052_English_fnortnOBv8M_00039,v3/voices/id0052/English/fnortnOBv8M/00039.wav,id0052
v3_voices_id0030_English_j8ZG04_q-hQ_00034,v3/voices/id0030/English/j8ZG04_q-hQ/00034.wav,id0030
v3_voices_id0030_English_j8ZG04_q-hQ_00021,v3/voices/id0030/English/j8ZG04_q-hQ/00021.wav,id0030
v3_voices_id0043_English_Ab5NbdTqPeA_00038,v3/voices/id0043/English/Ab5NbdTqPeA/00038.wav,id0043
v3_voices_id0057_English_mho36qHpAbk_00004,v3/voices/id0057/English/mho36qHpAbk/00004.wav,id0057
v3_voices_id0052_English_fnortnOBv8M_00022,v3/voices/id0052/English/fnortnOBv8M/00022.wav,id0052
v3_voices_id0027_English_56Rcw9QmcPw_00015,v3/voices/id0027/English/56Rcw9QmcPw/00015.wav,id0027
v3_voices_id0042_English_vcvl-A9z5II_00011,v3/voices/id0042/English/vcvl-A9z5II/00011.wav,id0042
v3_voices_id0004_English_e66dp7tBBls_00016,v3/voices/id0004/English/e66dp7tBBls/00016.wav,id0004
v3_voices_id0011_English_vwiOFgYuJ-M_00005,v3/voices/id0011/English/vwiOFgYuJ-M/00005.wav,id0011
v3_voices_id0044_English_festftsGYFI_00003,v3/voices/id0044/English/festftsGYFI/00003.wav,id0044
v3_voices_id0011_English_vwiOFgYuJ-M_00004,v3/voices/id0011/English/vwiOFgYuJ-M/00004.wav,id0011
v3_voices_id0048_English_1EflTHDLE24_00003,v3/voices/id0048/English/1EflTHDLE24/00003.wav,id0048
v3_voices_id0041_English_CPeL9KYX_yg_00012,v3/voices/id0041/English/CPeL9KYX_yg/00012.wav,id0041
v3_voices_id0005_English_DpO7Rsamars_00001,v3/voices/id0005/English/DpO7Rsamars/00001.wav,id0005
v3_voices_id0044_English_fnhOoPPJZ7s_00010,v3/voices/id0044/English/fnhOoPPJZ7s/00010.wav,id0044
v3_voices_id0016_English_2KXXR6kLOxg_00011,v3/voices/id0016/English/2KXXR6kLOxg/00011.wav,id0016
v3_voices_id0052_English_H3k1XvAhqUo_00011,v3/voices/id0052/English/H3k1XvAhqUo/00011.wav,id0052
v3_voices_id0009_English_O3Ui-yWKzhc_00004,v3/voices/id0009/English/O3Ui-yWKzhc/00004.wav,id0009
v3_voices_id0044_English_fnhOoPPJZ7s_00019,v3/voices/id0044/English/fnhOoPPJZ7s/00019.wav,id0044
v3_voices_id0057_English_b-BJEln9t-Q_00016,v3/voices/id0057/English/b-BJEln9t-Q/00016.wav,id0057
v3_voices_id0030_English_GeJT_RXN8ps_00005,v3/voices/id0030/English/GeJT_RXN8ps/00005.wav,id0030
v3_voices_id0044_English_Gx9wJk7KjQc_00005,v3/voices/id0044/English/Gx9wJk7KjQc/00005.wav,id0044
v3_voices_id0020_English_qCcxyTa7gUQ_00073,v3/voices/id0020/English/qCcxyTa7gUQ/00073.wav,id0020
v3_voices_id0046_English_FtzmSlTgP_k_00001,v3/voices/id0046/English/FtzmSlTgP_k/00001.wav,id0046
v3_voices_id0041_English_uvkmmOTJ0bE_00009,v3/voices/id0041/English/uvkmmOTJ0bE/00009.wav,id0041
v3_voices_id0048_English_FUaGL27xxYc_00008,v3/voices/id0048/English/FUaGL27xxYc/00008.wav,id0048
v3_voices_id0048_English_FUaGL27xxYc_00011,v3/voices/id0048/English/FUaGL27xxYc/00011.wav,id0048
v3_voices_id0057_English_b-BJEln9t-Q_00017,v3/voices/id0057/English/b-BJEln9t-Q/00017.wav,id0057
v3_voices_id0055_English_GZniQ7YjXmI_00010,v3/voices/id0055/English/GZniQ7YjXmI/00010.wav,id0055
v3_voices_id0002_English_awN05jdeg90_00032,v3/voices/id0002/English/awN05jdeg90/00032.wav,id0002
v3_voices_id0043_English_Ab5NbdTqPeA_00016,v3/voices/id0043/English/Ab5NbdTqPeA/00016.wav,id0043
v3_voices_id0057_English_mho36qHpAbk_00032,v3/voices/id0057/English/mho36qHpAbk/00032.wav,id0057
v3_voices_id0052_English_fnortnOBv8M_00032,v3/voices/id0052/English/fnortnOBv8M/00032.wav,id0052
v3_voices_id0011_English_vwiOFgYuJ-M_00000,v3/voices/id0011/English/vwiOFgYuJ-M/00000.wav,id0011
v3_voices_id0005_English_DpO7Rsamars_00002,v3/voices/id0005/English/DpO7Rsamars/00002.wav,id0005
v3_voices_id0057_English_mho36qHpAbk_00008,v3/voices/id0057/English/mho36qHpAbk/00008.wav,id0057
v3_voices_id0027_English_56Rcw9QmcPw_00018,v3/voices/id0027/English/56Rcw9QmcPw/00018.wav,id0027
v3_voices_id0041_English_CPeL9KYX_yg_00013,v3/voices/id0041/English/CPeL9KYX_yg/00013.wav,id0041
v3_voices_id0052_English_H3k1XvAhqUo_00018,v3/voices/id0052/English/H3k1XvAhqUo/00018.wav,id0052
v3_voices_id0052_English_fnortnOBv8M_00017,v3/voices/id0052/English/fnortnOBv8M/00017.wav,id0052
v3_voices_id0020_English_qCcxyTa7gUQ_00050,v3/voices/id0020/English/qCcxyTa7gUQ/00050.wav,id0020
v3_voices_id0052_English_H3k1XvAhqUo_00002,v3/voices/id0052/English/H3k1XvAhqUo/00002.wav,id0052
v3_voices_id0022_English_hEXCdNnUErY_00001,v3/voices/id0022/English/hEXCdNnUErY/00001.wav,id0022
v3_voices_id0004_English_zj-c7DJ5NW4_00007,v3/voices/id0004/English/zj-c7DJ5NW4/00007.wav,id0004
v3_voices_id0041_English_CPeL9KYX_yg_00010,v3/voices/id0041/English/CPeL9KYX_yg/00010.wav,id0041
v3_voices_id0006_English_pPUsk0VtSNA_00004,v3/voices/id0006/English/pPUsk0VtSNA/00004.wav,id0006
v3_voices_id0044_English_a08Tue6lb0Q_00010,v3/voices/id0044/English/a08Tue6lb0Q/00010.wav,id0044
v3_voices_id0005_English_1bumPyvzCyo_00001,v3/voices/id0005/English/1bumPyvzCyo/00001.wav,id0005
v3_voices_id0057_English_mho36qHpAbk_00015,v3/voices/id0057/English/mho36qHpAbk/00015.wav,id0057
v3_voices_id0044_English_WietmlmC9z0_00039,v3/voices/id0044/English/WietmlmC9z0/00039.wav,id0044
v3_voices_id0041_English_CPeL9KYX_yg_00011,v3/voices/id0041/English/CPeL9KYX_yg/00011.wav,id0041
v3_voices_id0044_English_fnhOoPPJZ7s_00006,v3/voices/id0044/English/fnhOoPPJZ7s/00006.wav,id0044
v3_voices_id0047_English_X7tLHPe1qjY_00008,v3/voices/id0047/English/X7tLHPe1qjY/00008.wav,id0047
v3_voices_id0047_English_u-cLZ4X3tSw_00001,v3/voices/id0047/English/u-cLZ4X3tSw/00001.wav,id0047
v3_voices_id0041_English_uvkmmOTJ0bE_00012,v3/voices/id0041/English/uvkmmOTJ0bE/00012.wav,id0041
v3_voices_id0045_English_q9WK-RUDJcg_00006,v3/voices/id0045/English/q9WK-RUDJcg/00006.wav,id0045
v3_voices_id0011_English_vwiOFgYuJ-M_00003,v3/voices/id0011/English/vwiOFgYuJ-M/00003.wav,id0011
v3_voices_id0027_English_nVLVU-Jr1nU_00000,v3/voices/id0027/English/nVLVU-Jr1nU/00000.wav,id0027
v3_voices_id0030_English_j8ZG04_q-hQ_00019,v3/voices/id0030/English/j8ZG04_q-hQ/00019.wav,id0030
v3_voices_id0030_English_j8ZG04_q-hQ_00024,v3/voices/id0030/English/j8ZG04_q-hQ/00024.wav,id0030
v3_voices_id0057_English_mho36qHpAbk_00040,v3/voices/id0057/English/mho36qHpAbk/00040.wav,id0057
v3_voices_id0016_English_2KXXR6kLOxg_00004,v3/voices/id0016/English/2KXXR6kLOxg/00004.wav,id0016
v3_voices_id0052_English_VbkGuCozc9M_00022,v3/voices/id0052/English/VbkGuCozc9M/00022.wav,id0052
v3_voices_id0022_English_pz9DMTtrjwQ_00002,v3/voices/id0022/English/pz9DMTtrjwQ/00002.wav,id0022
v3_voices_id0044_English_WietmlmC9z0_00038,v3/voices/id0044/English/WietmlmC9z0/00038.wav,id0044
v3_voices_id0004_English_zj-c7DJ5NW4_00011,v3/voices/id0004/English/zj-c7DJ5NW4/00011.wav,id0004
v3_voices_id0044_English_a08Tue6lb0Q_00012,v3/voices/id0044/English/a08Tue6lb0Q/00012.wav,id0044
v3_voices_id0010_English_lHGL3kgDb2s_00005,v3/voices/id0010/English/lHGL3kgDb2s/00005.wav,id0010
v3_voices_id0057_English_b-BJEln9t-Q_00028,v3/voices/id0057/English/b-BJEln9t-Q/00028.wav,id0057
v3_voices_id0016_English_2KXXR6kLOxg_00028,v3/voices/id0016/English/2KXXR6kLOxg/00028.wav,id0016
v3_voices_id0020_English_qCcxyTa7gUQ_00045,v3/voices/id0020/English/qCcxyTa7gUQ/00045.wav,id0020
v3_voices_id0056_English_HoRNF65WMwE_00009,v3/voices/id0056/English/HoRNF65WMwE/00009.wav,id0056
v3_voices_id0042_English_vcvl-A9z5II_00002,v3/voices/id0042/English/vcvl-A9z5II/00002.wav,id0042
v3_voices_id0057_English_b-BJEln9t-Q_00009,v3/voices/id0057/English/b-BJEln9t-Q/00009.wav,id0057
v3_voices_id0012_English_7aqjACP4bKk_00000,v3/voices/id0012/English/7aqjACP4bKk/00000.wav,id0012
v3_voices_id0030_English_j8ZG04_q-hQ_00005,v3/voices/id0030/English/j8ZG04_q-hQ/00005.wav,id0030
v3_voices_id0043_English_ODfsKabCScE_00005,v3/voices/id0043/English/ODfsKabCScE/00005.wav,id0043
v3_voices_id0009_English_O3Ui-yWKzhc_00023,v3/voices/id0009/English/O3Ui-yWKzhc/00023.wav,id0009
v3_voices_id0042_English_vcvl-A9z5II_00008,v3/voices/id0042/English/vcvl-A9z5II/00008.wav,id0042
v3_voices_id0052_English_fnortnOBv8M_00042,v3/voices/id0052/English/fnortnOBv8M/00042.wav,id0052
v3_voices_id0053_English_QU9FARjy0cU_00007,v3/voices/id0053/English/QU9FARjy0cU/00007.wav,id0053
v3_voices_id0048_English_1EflTHDLE24_00006,v3/voices/id0048/English/1EflTHDLE24/00006.wav,id0048
v3_voices_id0005_English_z9r4IWdxW1w_00007,v3/voices/id0005/English/z9r4IWdxW1w/00007.wav,id0005
v3_voices_id0020_English_rXLtmk4MJSU_00039,v3/voices/id0020/English/rXLtmk4MJSU/00039.wav,id0020
v3_voices_id0009_English_O3Ui-yWKzhc_00018,v3/voices/id0009/English/O3Ui-yWKzhc/00018.wav,id0009
v3_voices_id0012_English_4bOVkoTbmuk_00000,v3/voices/id0012/English/4bOVkoTbmuk/00000.wav,id0012
v3_voices_id0004_English_zj-c7DJ5NW4_00013,v3/voices/id0004/English/zj-c7DJ5NW4/00013.wav,id0004
v3_voices_id0057_English_mho36qHpAbk_00041,v3/voices/id0057/English/mho36qHpAbk/00041.wav,id0057
v3_voices_id0043_English_Ab5NbdTqPeA_00024,v3/voices/id0043/English/Ab5NbdTqPeA/00024.wav,id0043
v3_voices_id0001_English_msPfcIocWrc_00002,v3/voices/id0001/English/msPfcIocWrc/00002.wav,id0001
v3_voices_id0043_English_1RN5GR7aCfs_00004,v3/voices/id0043/English/1RN5GR7aCfs/00004.wav,id0043
v3_voices_id0020_English_qCcxyTa7gUQ_00037,v3/voices/id0020/English/qCcxyTa7gUQ/00037.wav,id0020
v3_voices_id0044_English_fnhOoPPJZ7s_00007,v3/voices/id0044/English/fnhOoPPJZ7s/00007.wav,id0044
v3_voices_id0043_English_Ab5NbdTqPeA_00013,v3/voices/id0043/English/Ab5NbdTqPeA/00013.wav,id0043
v3_voices_id0043_English_Ab5NbdTqPeA_00022,v3/voices/id0043/English/Ab5NbdTqPeA/00022.wav,id0043
v3_voices_id0027_English_nVLVU-Jr1nU_00001,v3/voices/id0027/English/nVLVU-Jr1nU/00001.wav,id0027
v3_voices_id0027_English_56Rcw9QmcPw_00008,v3/voices/id0027/English/56Rcw9QmcPw/00008.wav,id0027
v3_voices_id0009_English_O3Ui-yWKzhc_00016,v3/voices/id0009/English/O3Ui-yWKzhc/00016.wav,id0009
v3_voices_id0048_English_FUaGL27xxYc_00003,v3/voices/id0048/English/FUaGL27xxYc/00003.wav,id0048
v3_voices_id0057_English_b-BJEln9t-Q_00012,v3/voices/id0057/English/b-BJEln9t-Q/00012.wav,id0057
v3_voices_id0022_English_uaImIRUyZqw_00004,v3/voices/id0022/English/uaImIRUyZqw/00004.wav,id0022
v3_voices_id0005_English_DpO7Rsamars_00005,v3/voices/id0005/English/DpO7Rsamars/00005.wav,id0005
v3_voices_id0048_English_oQ4Y6GEHhyo_00010,v3/voices/id0048/English/oQ4Y6GEHhyo/00010.wav,id0048
v3_voices_id0057_English_b-BJEln9t-Q_00003,v3/voices/id0057/English/b-BJEln9t-Q/00003.wav,id0057
v3_voices_id0055_English_GZniQ7YjXmI_00009,v3/voices/id0055/English/GZniQ7YjXmI/00009.wav,id0055
v3_voices_id0027_English_56Rcw9QmcPw_00021,v3/voices/id0027/English/56Rcw9QmcPw/00021.wav,id0027
v3_voices_id0005_English_DpO7Rsamars_00012,v3/voices/id0005/English/DpO7Rsamars/00012.wav,id0005
v3_voices_id0005_English_1bumPyvzCyo_00016,v3/voices/id0005/English/1bumPyvzCyo/00016.wav,id0005
v3_voices_id0052_English_fnortnOBv8M_00055,v3/voices/id0052/English/fnortnOBv8M/00055.wav,id0052
v3_voices_id0004_English_zj-c7DJ5NW4_00015,v3/voices/id0004/English/zj-c7DJ5NW4/00015.wav,id0004
v3_voices_id0022_English_pz9DMTtrjwQ_00016,v3/voices/id0022/English/pz9DMTtrjwQ/00016.wav,id0022
v3_voices_id0045_English_q9WK-RUDJcg_00002,v3/voices/id0045/English/q9WK-RUDJcg/00002.wav,id0045
v3_voices_id0043_English_Ab5NbdTqPeA_00025,v3/voices/id0043/English/Ab5NbdTqPeA/00025.wav,id0043
v3_voices_id0004_English_zj-c7DJ5NW4_00020,v3/voices/id0004/English/zj-c7DJ5NW4/00020.wav,id0004
v3_voices_id0002_English_gvPM4ePeZ0s_00001,v3/voices/id0002/English/gvPM4ePeZ0s/00001.wav,id0002
v3_voices_id0010_English_lHGL3kgDb2s_00012,v3/voices/id0010/English/lHGL3kgDb2s/00012.wav,id0010
v3_voices_id0057_English_mho36qHpAbk_00023,v3/voices/id0057/English/mho36qHpAbk/00023.wav,id0057
v3_voices_id0027_English_nVLVU-Jr1nU_00012,v3/voices/id0027/English/nVLVU-Jr1nU/00012.wav,id0027
v3_voices_id0048_English_1EflTHDLE24_00001,v3/voices/id0048/English/1EflTHDLE24/00001.wav,id0048
v3_voices_id0027_English_56Rcw9QmcPw_00012,v3/voices/id0027/English/56Rcw9QmcPw/00012.wav,id0027
v3_voices_id0020_English_rXLtmk4MJSU_00000,v3/voices/id0020/English/rXLtmk4MJSU/00000.wav,id0020
v3_voices_id0027_English_56Rcw9QmcPw_00027,v3/voices/id0027/English/56Rcw9QmcPw/00027.wav,id0027
v3_voices_id0047_English_u-cLZ4X3tSw_00005,v3/voices/id0047/English/u-cLZ4X3tSw/00005.wav,id0047
v3_voices_id0042_English_Gt0gHGgPceU_00008,v3/voices/id0042/English/Gt0gHGgPceU/00008.wav,id0042
v3_voices_id0044_English_WietmlmC9z0_00032,v3/voices/id0044/English/WietmlmC9z0/00032.wav,id0044
v3_voices_id0044_English_GKxr7PGjuqc_00021,v3/voices/id0044/English/GKxr7PGjuqc/00021.wav,id0044
v3_voices_id0043_English_ODfsKabCScE_00000,v3/voices/id0043/English/ODfsKabCScE/00000.wav,id0043
v3_voices_id0005_English_DpO7Rsamars_00003,v3/voices/id0005/English/DpO7Rsamars/00003.wav,id0005
v3_voices_id0020_English_rXLtmk4MJSU_00036,v3/voices/id0020/English/rXLtmk4MJSU/00036.wav,id0020
v3_voices_id0057_English_mho36qHpAbk_00030,v3/voices/id0057/English/mho36qHpAbk/00030.wav,id0057
v3_voices_id0057_English_b-BJEln9t-Q_00004,v3/voices/id0057/English/b-BJEln9t-Q/00004.wav,id0057
v3_voices_id0055_English_GZniQ7YjXmI_00012,v3/voices/id0055/English/GZniQ7YjXmI/00012.wav,id0055
v3_voices_id0030_English_GeJT_RXN8ps_00002,v3/voices/id0030/English/GeJT_RXN8ps/00002.wav,id0030
v3_voices_id0010_English_lHGL3kgDb2s_00000,v3/voices/id0010/English/lHGL3kgDb2s/00000.wav,id0010
v3_voices_id0044_English_WietmlmC9z0_00017,v3/voices/id0044/English/WietmlmC9z0/00017.wav,id0044
v3_voices_id0027_English_56Rcw9QmcPw_00010,v3/voices/id0027/English/56Rcw9QmcPw/00010.wav,id0027
v3_voices_id0048_English_1EflTHDLE24_00005,v3/voices/id0048/English/1EflTHDLE24/00005.wav,id0048
v3_voices_id0044_English_a08Tue6lb0Q_00013,v3/voices/id0044/English/a08Tue6lb0Q/00013.wav,id0044
v3_voices_id0044_English_GKxr7PGjuqc_00030,v3/voices/id0044/English/GKxr7PGjuqc/00030.wav,id0044
v3_voices_id0057_English_mho36qHpAbk_00047,v3/voices/id0057/English/mho36qHpAbk/00047.wav,id0057
v3_voices_id0047_English_X7tLHPe1qjY_00004,v3/voices/id0047/English/X7tLHPe1qjY/00004.wav,id0047
v3_voices_id0002_English_gvPM4ePeZ0s_00000,v3/voices/id0002/English/gvPM4ePeZ0s/00000.wav,id0002
v3_voices_id0048_English_1EflTHDLE24_00004,v3/voices/id0048/English/1EflTHDLE24/00004.wav,id0048
v3_voices_id0044_English_festftsGYFI_00009,v3/voices/id0044/English/festftsGYFI/00009.wav,id0044
v3_voices_id0052_English_fnortnOBv8M_00011,v3/voices/id0052/English/fnortnOBv8M/00011.wav,id0052
v3_voices_id0004_English_e66dp7tBBls_00017,v3/voices/id0004/English/e66dp7tBBls/00017.wav,id0004
v3_voices_id0044_English_a08Tue6lb0Q_00006,v3/voices/id0044/English/a08Tue6lb0Q/00006.wav,id0044
v3_voices_id0057_English_b-BJEln9t-Q_00001,v3/voices/id0057/English/b-BJEln9t-Q/00001.wav,id0057
v3_voices_id0041_English_CPeL9KYX_yg_00002,v3/voices/id0041/English/CPeL9KYX_yg/00002.wav,id0041
v3_voices_id0018_English_Z0S0b_Ya0Sw_00004,v3/voices/id0018/English/Z0S0b_Ya0Sw/00004.wav,id0018
v3_voices_id0044_English_WietmlmC9z0_00000,v3/voices/id0044/English/WietmlmC9z0/00000.wav,id0044
v3_voices_id0005_English_z9r4IWdxW1w_00009,v3/voices/id0005/English/z9r4IWdxW1w/00009.wav,id0005
v3_voices_id0047_English_M6qgNLFEyCM_00005,v3/voices/id0047/English/M6qgNLFEyCM/00005.wav,id0047
v3_voices_id0057_English_mho36qHpAbk_00018,v3/voices/id0057/English/mho36qHpAbk/00018.wav,id0057
v3_voices_id0004_English_zj-c7DJ5NW4_00017,v3/voices/id0004/English/zj-c7DJ5NW4/00017.wav,id0004
v3_voices_id0043_English_MQgCMCRqBag_00005,v3/voices/id0043/English/MQgCMCRqBag/00005.wav,id0043
v3_voices_id0057_English_mho36qHpAbk_00016,v3/voices/id0057/English/mho36qHpAbk/00016.wav,id0057
v3_voices_id0043_English_Ab5NbdTqPeA_00010,v3/voices/id0043/English/Ab5NbdTqPeA/00010.wav,id0043
v3_voices_id0048_English_1EflTHDLE24_00007,v3/voices/id0048/English/1EflTHDLE24/00007.wav,id0048
v3_voices_id0002_English_gvPM4ePeZ0s_00004,v3/voices/id0002/English/gvPM4ePeZ0s/00004.wav,id0002
v3_voices_id0027_English_56Rcw9QmcPw_00030,v3/voices/id0027/English/56Rcw9QmcPw/00030.wav,id0027
v3_voices_id0030_English_j8ZG04_q-hQ_00014,v3/voices/id0030/English/j8ZG04_q-hQ/00014.wav,id0030
v3_voices_id0027_English_56Rcw9QmcPw_00024,v3/voices/id0027/English/56Rcw9QmcPw/00024.wav,id0027
v3_voices_id0009_English_O3Ui-yWKzhc_00010,v3/voices/id0009/English/O3Ui-yWKzhc/00010.wav,id0009
v3_voices_id0004_English_d1dKPTJWsYs_00001,v3/voices/id0004/English/d1dKPTJWsYs/00001.wav,id0004
v3_voices_id0048_English_FUaGL27xxYc_00006,v3/voices/id0048/English/FUaGL27xxYc/00006.wav,id0048
v3_voices_id0010_English_lHGL3kgDb2s_00011,v3/voices/id0010/English/lHGL3kgDb2s/00011.wav,id0010
v3_voices_id0053_English_QU9FARjy0cU_00003,v3/voices/id0053/English/QU9FARjy0cU/00003.wav,id0053
v3_voices_id0044_English_WietmlmC9z0_00006,v3/voices/id0044/English/WietmlmC9z0/00006.wav,id0044
v3_voices_id0057_English_mho36qHpAbk_00034,v3/voices/id0057/English/mho36qHpAbk/00034.wav,id0057
v3_voices_id0020_English_qCcxyTa7gUQ_00019,v3/voices/id0020/English/qCcxyTa7gUQ/00019.wav,id0020
v3_voices_id0016_English_iMQNAdDAXpU_00018,v3/voices/id0016/English/iMQNAdDAXpU/00018.wav,id0016
v3_voices_id0012_English_zKC-SDHPE-I_00003,v3/voices/id0012/English/zKC-SDHPE-I/00003.wav,id0012
v3_voices_id0046_English_FtzmSlTgP_k_00000,v3/voices/id0046/English/FtzmSlTgP_k/00000.wav,id0046
v3_voices_id0005_English_z9r4IWdxW1w_00008,v3/voices/id0005/English/z9r4IWdxW1w/00008.wav,id0005
v3_voices_id0030_English_j8ZG04_q-hQ_00020,v3/voices/id0030/English/j8ZG04_q-hQ/00020.wav,id0030
v3_voices_id0012_English_zKC-SDHPE-I_00001,v3/voices/id0012/English/zKC-SDHPE-I/00001.wav,id0012
v3_voices_id0053_English_K3hyFA8Tgm4_00000,v3/voices/id0053/English/K3hyFA8Tgm4/00000.wav,id0053
v3_voices_id0005_English_1bumPyvzCyo_00000,v3/voices/id0005/English/1bumPyvzCyo/00000.wav,id0005
v3_voices_id0022_English_uaImIRUyZqw_00019,v3/voices/id0022/English/uaImIRUyZqw/00019.wav,id0022
v3_voices_id0027_English_nVLVU-Jr1nU_00010,v3/voices/id0027/English/nVLVU-Jr1nU/00010.wav,id0027
v3_voices_id0053_English_K3hyFA8Tgm4_00001,v3/voices/id0053/English/K3hyFA8Tgm4/00001.wav,id0053
v3_voices_id0005_English_DpO7Rsamars_00010,v3/voices/id0005/English/DpO7Rsamars/00010.wav,id0005
v3_voices_id0047_English_X7tLHPe1qjY_00016,v3/voices/id0047/English/X7tLHPe1qjY/00016.wav,id0047
v3_voices_id0052_English_zW_wfXT_BG8_00009,v3/voices/id0052/English/zW_wfXT_BG8/00009.wav,id0052
v3_voices_id0055_English_GZniQ7YjXmI_00004,v3/voices/id0055/English/GZniQ7YjXmI/00004.wav,id0055
v3_voices_id0042_English_Mk_67nbaQ1Q_00016,v3/voices/id0042/English/Mk_67nbaQ1Q/00016.wav,id0042
v3_voices_id0057_English_b-BJEln9t-Q_00025,v3/voices/id0057/English/b-BJEln9t-Q/00025.wav,id0057
v3_voices_id0009_English_O3Ui-yWKzhc_00017,v3/voices/id0009/English/O3Ui-yWKzhc/00017.wav,id0009
v3_voices_id0057_English_b-BJEln9t-Q_00031,v3/voices/id0057/English/b-BJEln9t-Q/00031.wav,id0057
v3_voices_id0016_English_iMQNAdDAXpU_00074,v3/voices/id0016/English/iMQNAdDAXpU/00074.wav,id0016
v3_voices_id0044_English_Gx9wJk7KjQc_00002,v3/voices/id0044/English/Gx9wJk7KjQc/00002.wav,id0044
v3_voices_id0044_English_fnhOoPPJZ7s_00005,v3/voices/id0044/English/fnhOoPPJZ7s/00005.wav,id0044
v3_voices_id0044_English_fnhOoPPJZ7s_00012,v3/voices/id0044/English/fnhOoPPJZ7s/00012.wav,id0044
v3_voices_id0012_English_zKC-SDHPE-I_00002,v3/voices/id0012/English/zKC-SDHPE-I/00002.wav,id0012
v3_voices_id0022_English_pz9DMTtrjwQ_00006,v3/voices/id0022/English/pz9DMTtrjwQ/00006.wav,id0022
v3_voices_id0002_English_gvPM4ePeZ0s_00003,v3/voices/id0002/English/gvPM4ePeZ0s/00003.wav,id0002
v3_voices_id0057_English_mho36qHpAbk_00029,v3/voices/id0057/English/mho36qHpAbk/00029.wav,id0057
v3_voices_id0044_English_fnhOoPPJZ7s_00011,v3/voices/id0044/English/fnhOoPPJZ7s/00011.wav,id0044
v3_voices_id0056_English_HoRNF65WMwE_00005,v3/voices/id0056/English/HoRNF65WMwE/00005.wav,id0056
v3_voices_id0057_English_mho36qHpAbk_00022,v3/voices/id0057/English/mho36qHpAbk/00022.wav,id0057
v3_voices_id0027_English_56Rcw9QmcPw_00002,v3/voices/id0027/English/56Rcw9QmcPw/00002.wav,id0027
v3_voices_id0016_English_iMQNAdDAXpU_00035,v3/voices/id0016/English/iMQNAdDAXpU/00035.wav,id0016
v3_voices_id0057_English_mho36qHpAbk_00039,v3/voices/id0057/English/mho36qHpAbk/00039.wav,id0057
v3_voices_id0057_English_mho36qHpAbk_00036,v3/voices/id0057/English/mho36qHpAbk/00036.wav,id0057
v3_voices_id0047_English_u-cLZ4X3tSw_00006,v3/voices/id0047/English/u-cLZ4X3tSw/00006.wav,id0047
v3_voices_id0041_English_uvkmmOTJ0bE_00013,v3/voices/id0041/English/uvkmmOTJ0bE/00013.wav,id0041
v3_voices_id0030_English_j8ZG04_q-hQ_00004,v3/voices/id0030/English/j8ZG04_q-hQ/00004.wav,id0030
v3_voices_id0020_English_rXLtmk4MJSU_00019,v3/voices/id0020/English/rXLtmk4MJSU/00019.wav,id0020
v3_voices_id0057_English_mho36qHpAbk_00035,v3/voices/id0057/English/mho36qHpAbk/00035.wav,id0057
v3_voices_id0057_English_mho36qHpAbk_00014,v3/voices/id0057/English/mho36qHpAbk/00014.wav,id0057
v3_voices_id0043_English_ODfsKabCScE_00004,v3/voices/id0043/English/ODfsKabCScE/00004.wav,id0043
v3_voices_id0042_English_BmjY8yOGv5M_00000,v3/voices/id0042/English/BmjY8yOGv5M/00000.wav,id0042
v3_voices_id0052_English_3fq6SOjklHQ_00011,v3/voices/id0052/English/3fq6SOjklHQ/00011.wav,id0052
v3_voices_id0016_English_iMQNAdDAXpU_00013,v3/voices/id0016/English/iMQNAdDAXpU/00013.wav,id0016
v3_voices_id0020_English_qCcxyTa7gUQ_00035,v3/voices/id0020/English/qCcxyTa7gUQ/00035.wav,id0020
v3_voices_id0010_English_lHGL3kgDb2s_00009,v3/voices/id0010/English/lHGL3kgDb2s/00009.wav,id0010
v3_voices_id0032_English_KZGmd1mu1Dw_00000,v3/voices/id0032/English/KZGmd1mu1Dw/00000.wav,id0032
v3_voices_id0044_English_a08Tue6lb0Q_00005,v3/voices/id0044/English/a08Tue6lb0Q/00005.wav,id0044
v3_voices_id0047_English_u-cLZ4X3tSw_00002,v3/voices/id0047/English/u-cLZ4X3tSw/00002.wav,id0047
v3_voices_id0043_English_Ab5NbdTqPeA_00040,v3/voices/id0043/English/Ab5NbdTqPeA/00040.wav,id0043
v3_voices_id0005_English_DpO7Rsamars_00014,v3/voices/id0005/English/DpO7Rsamars/00014.wav,id0005
v3_voices_id0009_English_O3Ui-yWKzhc_00015,v3/voices/id0009/English/O3Ui-yWKzhc/00015.wav,id0009
v3_voices_id0004_English_zj-c7DJ5NW4_00018,v3/voices/id0004/English/zj-c7DJ5NW4/00018.wav,id0004
v3_voices_id0052_English_VbkGuCozc9M_00009,v3/voices/id0052/English/VbkGuCozc9M/00009.wav,id0052
v3_voices_id0057_English_mho36qHpAbk_00003,v3/voices/id0057/English/mho36qHpAbk/00003.wav,id0057
v3_voices_id0044_English_GKxr7PGjuqc_00012,v3/voices/id0044/English/GKxr7PGjuqc/00012.wav,id0044
v3_voices_id0043_English_Ab5NbdTqPeA_00004,v3/voices/id0043/English/Ab5NbdTqPeA/00004.wav,id0043
v3_voices_id0057_English_b-BJEln9t-Q_00026,v3/voices/id0057/English/b-BJEln9t-Q/00026.wav,id0057
v3_voices_id0052_English_fnortnOBv8M_00048,v3/voices/id0052/English/fnortnOBv8M/00048.wav,id0052
v3_voices_id0022_English_uaImIRUyZqw_00012,v3/voices/id0022/English/uaImIRUyZqw/00012.wav,id0022
v3_voices_id0043_English_LGxawB9iPts_00001,v3/voices/id0043/English/LGxawB9iPts/00001.wav,id0043
v3_voices_id0057_English_mho36qHpAbk_00019,v3/voices/id0057/English/mho36qHpAbk/00019.wav,id0057
v3_voices_id0009_English_O3Ui-yWKzhc_00019,v3/voices/id0009/English/O3Ui-yWKzhc/00019.wav,id0009
v3_voices_id0027_English_56Rcw9QmcPw_00019,v3/voices/id0027/English/56Rcw9QmcPw/00019.wav,id0027
v3_voices_id0048_English_FUaGL27xxYc_00010,v3/voices/id0048/English/FUaGL27xxYc/00010.wav,id0048
v3_voices_id0004_English_zj-c7DJ5NW4_00023,v3/voices/id0004/English/zj-c7DJ5NW4/00023.wav,id0004
v3_voices_id0027_English_56Rcw9QmcPw_00022,v3/voices/id0027/English/56Rcw9QmcPw/00022.wav,id0027
v3_voices_id0052_English_zW_wfXT_BG8_00008,v3/voices/id0052/English/zW_wfXT_BG8/00008.wav,id0052
v3_voices_id0032_English_KZGmd1mu1Dw_00005,v3/voices/id0032/English/KZGmd1mu1Dw/00005.wav,id0032
v3_voices_id0052_English_3fq6SOjklHQ_00003,v3/voices/id0052/English/3fq6SOjklHQ/00003.wav,id0052
v3_voices_id0044_English_WietmlmC9z0_00027,v3/voices/id0044/English/WietmlmC9z0/00027.wav,id0044
v3_voices_id0016_English_2KXXR6kLOxg_00017,v3/voices/id0016/English/2KXXR6kLOxg/00017.wav,id0016
v3_voices_id0010_English_lHGL3kgDb2s_00007,v3/voices/id0010/English/lHGL3kgDb2s/00007.wav,id0010
v3_voices_id0041_English_CPeL9KYX_yg_00015,v3/voices/id0041/English/CPeL9KYX_yg/00015.wav,id0041
v3_voices_id0055_English_GZniQ7YjXmI_00014,v3/voices/id0055/English/GZniQ7YjXmI/00014.wav,id0055
v3_voices_id0005_English_DpO7Rsamars_00000,v3/voices/id0005/English/DpO7Rsamars/00000.wav,id0005
v3_voices_id0016_English_iMQNAdDAXpU_00070,v3/voices/id0016/English/iMQNAdDAXpU/00070.wav,id0016
v3_voices_id0027_English_56Rcw9QmcPw_00026,v3/voices/id0027/English/56Rcw9QmcPw/00026.wav,id0027
v3_voices_id0005_English_DpO7Rsamars_00013,v3/voices/id0005/English/DpO7Rsamars/00013.wav,id0005
v3_voices_id0042_English_Gt0gHGgPceU_00006,v3/voices/id0042/English/Gt0gHGgPceU/00006.wav,id0042
v3_voices_id0027_English_56Rcw9QmcPw_00017,v3/voices/id0027/English/56Rcw9QmcPw/00017.wav,id0027
v3_voices_id0027_English_56Rcw9QmcPw_00033,v3/voices/id0027/English/56Rcw9QmcPw/00033.wav,id0027
v3_voices_id0027_English_56Rcw9QmcPw_00020,v3/voices/id0027/English/56Rcw9QmcPw/00020.wav,id0027
v3_voices_id0057_English_mho36qHpAbk_00002,v3/voices/id0057/English/mho36qHpAbk/00002.wav,id0057
v3_voices_id0022_English_uaImIRUyZqw_00016,v3/voices/id0022/English/uaImIRUyZqw/00016.wav,id0022
v3_voices_id0022_English_pz9DMTtrjwQ_00001,v3/voices/id0022/English/pz9DMTtrjwQ/00001.wav,id0022
v3_voices_id0041_English_uvkmmOTJ0bE_00005,v3/voices/id0041/English/uvkmmOTJ0bE/00005.wav,id0041
v3_voices_id0057_English_b-BJEln9t-Q_00014,v3/voices/id0057/English/b-BJEln9t-Q/00014.wav,id0057
v3_voices_id0016_English_syjbBgp6zs0_00001,v3/voices/id0016/English/syjbBgp6zs0/00001.wav,id0016
v3_voices_id0057_English_b-BJEln9t-Q_00005,v3/voices/id0057/English/b-BJEln9t-Q/00005.wav,id0057
v3_voices_id0044_English_fnhOoPPJZ7s_00008,v3/voices/id0044/English/fnhOoPPJZ7s/00008.wav,id0044
v3_voices_id0052_English_3fq6SOjklHQ_00004,v3/voices/id0052/English/3fq6SOjklHQ/00004.wav,id0052
v3_voices_id0001_English_XtKYDOsvsG0_00000,v3/voices/id0001/English/XtKYDOsvsG0/00000.wav,id0001
v3_voices_id0020_English_qCcxyTa7gUQ_00044,v3/voices/id0020/English/qCcxyTa7gUQ/00044.wav,id0020
v3_voices_id0005_English_z9r4IWdxW1w_00001,v3/voices/id0005/English/z9r4IWdxW1w/00001.wav,id0005
v3_voices_id0025_English_yMJlXBbie_I_00000,v3/voices/id0025/English/yMJlXBbie_I/00000.wav,id0025
v3_voices_id0027_English_56Rcw9QmcPw_00004,v3/voices/id0027/English/56Rcw9QmcPw/00004.wav,id0027
v3_voices_id0030_English_j8ZG04_q-hQ_00013,v3/voices/id0030/English/j8ZG04_q-hQ/00013.wav,id0030
v3_voices_id0053_English_2fth5hkjyns_00002,v3/voices/id0053/English/2fth5hkjyns/00002.wav,id0053
v3_voices_id0020_English_qCcxyTa7gUQ_00048,v3/voices/id0020/English/qCcxyTa7gUQ/00048.wav,id0020
v3_voices_id0001_English_uXyNswH9Tus_00000,v3/voices/id0001/English/uXyNswH9Tus/00000.wav,id0001
v3_voices_id0009_English_O3Ui-yWKzhc_00008,v3/voices/id0009/English/O3Ui-yWKzhc/00008.wav,id0009
v3_voices_id0043_English_MQgCMCRqBag_00001,v3/voices/id0043/English/MQgCMCRqBag/00001.wav,id0043
v3_voices_id0027_English_56Rcw9QmcPw_00011,v3/voices/id0027/English/56Rcw9QmcPw/00011.wav,id0027
v3_voices_id0044_English_fnhOoPPJZ7s_00015,v3/voices/id0044/English/fnhOoPPJZ7s/00015.wav,id0044
v3_voices_id0044_English_WietmlmC9z0_00026,v3/voices/id0044/English/WietmlmC9z0/00026.wav,id0044
v3_voices_id0052_English_UlFUWN3XwCI_00023,v3/voices/id0052/English/UlFUWN3XwCI/00023.wav,id0052
v3_voices_id0004_English_zj-c7DJ5NW4_00014,v3/voices/id0004/English/zj-c7DJ5NW4/00014.wav,id0004
v3_voices_id0041_English_uvkmmOTJ0bE_00003,v3/voices/id0041/English/uvkmmOTJ0bE/00003.wav,id0041
v3_voices_id0042_English_vcvl-A9z5II_00012,v3/voices/id0042/English/vcvl-A9z5II/00012.wav,id0042
v3_voices_id0057_English_mho36qHpAbk_00012,v3/voices/id0057/English/mho36qHpAbk/00012.wav,id0057
v3_voices_id0020_English_rXLtmk4MJSU_00038,v3/voices/id0020/English/rXLtmk4MJSU/00038.wav,id0020
v3_voices_id0004_English_e66dp7tBBls_00010,v3/voices/id0004/English/e66dp7tBBls/00010.wav,id0004
v3_voices_id0010_English_lHGL3kgDb2s_00008,v3/voices/id0010/English/lHGL3kgDb2s/00008.wav,id0010
v3_voices_id0052_English_UlFUWN3XwCI_00049,v3/voices/id0052/English/UlFUWN3XwCI/00049.wav,id0052
v3_voices_id0052_English_fnortnOBv8M_00006,v3/voices/id0052/English/fnortnOBv8M/00006.wav,id0052
v3_voices_id0044_English_WietmlmC9z0_00003,v3/voices/id0044/English/WietmlmC9z0/00003.wav,id0044
v3_voices_id0020_English_rXLtmk4MJSU_00035,v3/voices/id0020/English/rXLtmk4MJSU/00035.wav,id0020
v3_voices_id0045_English_q9WK-RUDJcg_00003,v3/voices/id0045/English/q9WK-RUDJcg/00003.wav,id0045
v3_voices_id0010_English_lHGL3kgDb2s_00006,v3/voices/id0010/English/lHGL3kgDb2s/00006.wav,id0010
v3_voices_id0041_English_CPeL9KYX_yg_00003,v3/voices/id0041/English/CPeL9KYX_yg/00003.wav,id0041
v3_voices_id0027_English_nVLVU-Jr1nU_00002,v3/voices/id0027/English/nVLVU-Jr1nU/00002.wav,id0027
v3_voices_id0041_English_uvkmmOTJ0bE_00010,v3/voices/id0041/English/uvkmmOTJ0bE/00010.wav,id0041
v3_voices_id0047_English_X7tLHPe1qjY_00014,v3/voices/id0047/English/X7tLHPe1qjY/00014.wav,id0047
v3_voices_id0004_English_zj-c7DJ5NW4_00012,v3/voices/id0004/English/zj-c7DJ5NW4/00012.wav,id0004
v3_voices_id0041_English_CPeL9KYX_yg_00000,v3/voices/id0041/English/CPeL9KYX_yg/00000.wav,id0041
v3_voices_id0016_English_iMQNAdDAXpU_00011,v3/voices/id0016/English/iMQNAdDAXpU/00011.wav,id0016
v3_voices_id0055_English_GZniQ7YjXmI_00001,v3/voices/id0055/English/GZniQ7YjXmI/00001.wav,id0055
v3_voices_id0057_English_b-BJEln9t-Q_00022,v3/voices/id0057/English/b-BJEln9t-Q/00022.wav,id0057
v3_voices_id0020_English_qCcxyTa7gUQ_00021,v3/voices/id0020/English/qCcxyTa7gUQ/00021.wav,id0020
v3_voices_id0025_English_7flPSMiR9Ww_00006,v3/voices/id0025/English/7flPSMiR9Ww/00006.wav,id0025
v3_voices_id0052_English_3fq6SOjklHQ_00005,v3/voices/id0052/English/3fq6SOjklHQ/00005.wav,id0052
v3_voices_id0004_English_zj-c7DJ5NW4_00002,v3/voices/id0004/English/zj-c7DJ5NW4/00002.wav,id0004
v3_voices_id0043_English_Ab5NbdTqPeA_00026,v3/voices/id0043/English/Ab5NbdTqPeA/00026.wav,id0043
v3_voices_id0047_English_X7tLHPe1qjY_00010,v3/voices/id0047/English/X7tLHPe1qjY/00010.wav,id0047
v3_voices_id0057_English_b-BJEln9t-Q_00015,v3/voices/id0057/English/b-BJEln9t-Q/00015.wav,id0057
v3_voices_id0022_English_pz9DMTtrjwQ_00009,v3/voices/id0022/English/pz9DMTtrjwQ/00009.wav,id0022
v3_voices_id0010_English_lHGL3kgDb2s_00013,v3/voices/id0010/English/lHGL3kgDb2s/00013.wav,id0010
v3_voices_id0027_English_nVLVU-Jr1nU_00003,v3/voices/id0027/English/nVLVU-Jr1nU/00003.wav,id0027
v3_voices_id0030_English_j8ZG04_q-hQ_00008,v3/voices/id0030/English/j8ZG04_q-hQ/00008.wav,id0030
v3_voices_id0048_English_oQ4Y6GEHhyo_00002,v3/voices/id0048/English/oQ4Y6GEHhyo/00002.wav,id0048
v3_voices_id0047_English_M6qgNLFEyCM_00002,v3/voices/id0047/English/M6qgNLFEyCM/00002.wav,id0047
v3_voices_id0044_English_Gx9wJk7KjQc_00010,v3/voices/id0044/English/Gx9wJk7KjQc/00010.wav,id0044
v3_voices_id0030_English_j8ZG04_q-hQ_00030,v3/voices/id0030/English/j8ZG04_q-hQ/00030.wav,id0030
v3_voices_id0043_English_Ab5NbdTqPeA_00007,v3/voices/id0043/English/Ab5NbdTqPeA/00007.wav,id0043
v3_voices_id0044_English_GKxr7PGjuqc_00017,v3/voices/id0044/English/GKxr7PGjuqc/00017.wav,id0044
v3_voices_id0044_English_fnhOoPPJZ7s_00004,v3/voices/id0044/English/fnhOoPPJZ7s/00004.wav,id0044
v3_voices_id0055_English_GZniQ7YjXmI_00015,v3/voices/id0055/English/GZniQ7YjXmI/00015.wav,id0055
v3_voices_id0052_English_UlFUWN3XwCI_00048,v3/voices/id0052/English/UlFUWN3XwCI/00048.wav,id0052
v3_voices_id0041_English_CPeL9KYX_yg_00007,v3/voices/id0041/English/CPeL9KYX_yg/00007.wav,id0041
v3_voices_id0043_English_1RN5GR7aCfs_00002,v3/voices/id0043/English/1RN5GR7aCfs/00002.wav,id0043
v3_voices_id0052_English_VbkGuCozc9M_00001,v3/voices/id0052/English/VbkGuCozc9M/00001.wav,id0052
v3_voices_id0044_English_fnhOoPPJZ7s_00018,v3/voices/id0044/English/fnhOoPPJZ7s/00018.wav,id0044
v3_voices_id0027_English_56Rcw9QmcPw_00001,v3/voices/id0027/English/56Rcw9QmcPw/00001.wav,id0027
v3_voices_id0042_English_Mk_67nbaQ1Q_00022,v3/voices/id0042/English/Mk_67nbaQ1Q/00022.wav,id0042
v3_voices_id0044_English_a08Tue6lb0Q_00004,v3/voices/id0044/English/a08Tue6lb0Q/00004.wav,id0044
v3_voices_id0042_English_Mk_67nbaQ1Q_00006,v3/voices/id0042/English/Mk_67nbaQ1Q/00006.wav,id0042
v3_voices_id0048_English_oQ4Y6GEHhyo_00024,v3/voices/id0048/English/oQ4Y6GEHhyo/00024.wav,id0048
v3_voices_id0004_English_zj-c7DJ5NW4_00004,v3/voices/id0004/English/zj-c7DJ5NW4/00004.wav,id0004
v3_voices_id0057_English_mho36qHpAbk_00037,v3/voices/id0057/English/mho36qHpAbk/00037.wav,id0057
v3_voices_id0057_English_mho36qHpAbk_00001,v3/voices/id0057/English/mho36qHpAbk/00001.wav,id0057
v3_voices_id0057_English_mho36qHpAbk_00031,v3/voices/id0057/English/mho36qHpAbk/00031.wav,id0057
v3_voices_id0057_English_b-BJEln9t-Q_00027,v3/voices/id0057/English/b-BJEln9t-Q/00027.wav,id0057
v3_voices_id0020_English_rXLtmk4MJSU_00037,v3/voices/id0020/English/rXLtmk4MJSU/00037.wav,id0020
v3_voices_id0043_English_Ab5NbdTqPeA_00021,v3/voices/id0043/English/Ab5NbdTqPeA/00021.wav,id0043
v3_voices_id0041_English_uvkmmOTJ0bE_00006,v3/voices/id0041/English/uvkmmOTJ0bE/00006.wav,id0041
v3_voices_id0022_English_u-P3YI69Hro_00011,v3/voices/id0022/English/u-P3YI69Hro/00011.wav,id0022
v3_voices_id0041_English_CPeL9KYX_yg_00014,v3/voices/id0041/English/CPeL9KYX_yg/00014.wav,id0041
v3_voices_id0057_English_mho36qHpAbk_00020,v3/voices/id0057/English/mho36qHpAbk/00020.wav,id0057
v3_voices_id0016_English_syjbBgp6zs0_00000,v3/voices/id0016/English/syjbBgp6zs0/00000.wav,id0016
v3_voices_id0027_English_56Rcw9QmcPw_00032,v3/voices/id0027/English/56Rcw9QmcPw/00032.wav,id0027
v3_voices_id0041_English_CPeL9KYX_yg_00017,v3/voices/id0041/English/CPeL9KYX_yg/00017.wav,id0041
v3_voices_id0020_English_qCcxyTa7gUQ_00013,v3/voices/id0020/English/qCcxyTa7gUQ/00013.wav,id0020
v3_voices_id0043_English_Ab5NbdTqPeA_00027,v3/voices/id0043/English/Ab5NbdTqPeA/00027.wav,id0043
v3_voices_id0016_English_iMQNAdDAXpU_00005,v3/voices/id0016/English/iMQNAdDAXpU/00005.wav,id0016
v3_voices_id0010_English_lHGL3kgDb2s_00015,v3/voices/id0010/English/lHGL3kgDb2s/00015.wav,id0010
v3_voices_id0016_English_syjbBgp6zs0_00012,v3/voices/id0016/English/syjbBgp6zs0/00012.wav,id0016
v3_voices_id0027_English_56Rcw9QmcPw_00005,v3/voices/id0027/English/56Rcw9QmcPw/00005.wav,id0027
v3_voices_id0041_English_CPeL9KYX_yg_00004,v3/voices/id0041/English/CPeL9KYX_yg/00004.wav,id0041
v3_voices_id0055_English_GZniQ7YjXmI_00016,v3/voices/id0055/English/GZniQ7YjXmI/00016.wav,id0055
v3_voices_id0057_English_mho36qHpAbk_00010,v3/voices/id0057/English/mho36qHpAbk/00010.wav,id0057
v3_voices_id0057_English_b-BJEln9t-Q_00008,v3/voices/id0057/English/b-BJEln9t-Q/00008.wav,id0057
v3_voices_id0048_English_FUaGL27xxYc_00005,v3/voices/id0048/English/FUaGL27xxYc/00005.wav,id0048
v3_voices_id0022_English_uaImIRUyZqw_00014,v3/voices/id0022/English/uaImIRUyZqw/00014.wav,id0022
v3_voices_id0011_English_vwiOFgYuJ-M_00009,v3/voices/id0011/English/vwiOFgYuJ-M/00009.wav,id0011
v3_voices_id0002_English_awN05jdeg90_00024,v3/voices/id0002/English/awN05jdeg90/00024.wav,id0002
v3_voices_id0027_English_56Rcw9QmcPw_00009,v3/voices/id0027/English/56Rcw9QmcPw/00009.wav,id0027
v3_voices_id0052_English_fnortnOBv8M_00028,v3/voices/id0052/English/fnortnOBv8M/00028.wav,id0052
v3_voices_id0022_English_uaImIRUyZqw_00015,v3/voices/id0022/English/uaImIRUyZqw/00015.wav,id0022
v3_voices_id0010_English_lHGL3kgDb2s_00001,v3/voices/id0010/English/lHGL3kgDb2s/00001.wav,id0010
v3_voices_id0004_English_d1dKPTJWsYs_00000,v3/voices/id0004/English/d1dKPTJWsYs/00000.wav,id0004
v3_voices_id0045_English_q9WK-RUDJcg_00005,v3/voices/id0045/English/q9WK-RUDJcg/00005.wav,id0045
v3_voices_id0020_English_qCcxyTa7gUQ_00075,v3/voices/id0020/English/qCcxyTa7gUQ/00075.wav,id0020
v3_voices_id0016_English_2KXXR6kLOxg_00012,v3/voices/id0016/English/2KXXR6kLOxg/00012.wav,id0016
v3_voices_id0047_English_X7tLHPe1qjY_00000,v3/voices/id0047/English/X7tLHPe1qjY/00000.wav,id0047
v3_voices_id0052_English_3fq6SOjklHQ_00008,v3/voices/id0052/English/3fq6SOjklHQ/00008.wav,id0052
v3_voices_id0043_English_ODfsKabCScE_00015,v3/voices/id0043/English/ODfsKabCScE/00015.wav,id0043
v3_voices_id0052_English_3fq6SOjklHQ_00012,v3/voices/id0052/English/3fq6SOjklHQ/00012.wav,id0052
v3_voices_id0057_English_mho36qHpAbk_00009,v3/voices/id0057/English/mho36qHpAbk/00009.wav,id0057
v3_voices_id0052_English_VbkGuCozc9M_00002,v3/voices/id0052/English/VbkGuCozc9M/00002.wav,id0052
v3_voices_id0055_English_GZniQ7YjXmI_00003,v3/voices/id0055/English/GZniQ7YjXmI/00003.wav,id0055
v3_voices_id0057_English_b-BJEln9t-Q_00021,v3/voices/id0057/English/b-BJEln9t-Q/00021.wav,id0057
v3_voices_id0048_English_D0ZDRfUMOv0_00002,v3/voices/id0048/English/D0ZDRfUMOv0/00002.wav,id0048
v3_voices_id0048_English_FUaGL27xxYc_00007,v3/voices/id0048/English/FUaGL27xxYc/00007.wav,id0048
v3_voices_id0057_English_b-BJEln9t-Q_00006,v3/voices/id0057/English/b-BJEln9t-Q/00006.wav,id0057
v3_voices_id0010_English_lHGL3kgDb2s_00016,v3/voices/id0010/English/lHGL3kgDb2s/00016.wav,id0010
v3_voices_id0047_English_X7tLHPe1qjY_00001,v3/voices/id0047/English/X7tLHPe1qjY/00001.wav,id0047
v3_voices_id0043_English_1RN5GR7aCfs_00005,v3/voices/id0043/English/1RN5GR7aCfs/00005.wav,id0043
v3_voices_id0044_English_WietmlmC9z0_00045,v3/voices/id0044/English/WietmlmC9z0/00045.wav,id0044
v3_voices_id0028_English_Vn6riKmgHg4_00000,v3/voices/id0028/English/Vn6riKmgHg4/00000.wav,id0028
v3_voices_id0018_English_iPZWwcPqSuY_00001,v3/voices/id0018/English/iPZWwcPqSuY/00001.wav,id0018
v3_voices_id0018_English_Z0S0b_Ya0Sw_00003,v3/voices/id0018/English/Z0S0b_Ya0Sw/00003.wav,id0018
v3_voices_id0043_English_Ab5NbdTqPeA_00005,v3/voices/id0043/English/Ab5NbdTqPeA/00005.wav,id0043
v3_voices_id0023_English_d0lBiWDh7Eo_00010,v3/voices/id0023/English/d0lBiWDh7Eo/00010.wav,id0023
v3_voices_id0044_English_a08Tue6lb0Q_00009,v3/voices/id0044/English/a08Tue6lb0Q/00009.wav,id0044
v3_voices_id0027_English_56Rcw9QmcPw_00025,v3/voices/id0027/English/56Rcw9QmcPw/00025.wav,id0027
v3_voices_id0002_English_awN05jdeg90_00002,v3/voices/id0002/English/awN05jdeg90/00002.wav,id0002
v3_voices_id0047_English_M6qgNLFEyCM_00003,v3/voices/id0047/English/M6qgNLFEyCM/00003.wav,id0047
v3_voices_id0052_English_UlFUWN3XwCI_00044,v3/voices/id0052/English/UlFUWN3XwCI/00044.wav,id0052
v3_voices_id0057_English_mho36qHpAbk_00017,v3/voices/id0057/English/mho36qHpAbk/00017.wav,id0057
v3_voices_id0030_English_GeJT_RXN8ps_00006,v3/voices/id0030/English/GeJT_RXN8ps/00006.wav,id0030
v3_voices_id0044_English_fnhOoPPJZ7s_00000,v3/voices/id0044/English/fnhOoPPJZ7s/00000.wav,id0044
v3_voices_id0004_English_zj-c7DJ5NW4_00003,v3/voices/id0004/English/zj-c7DJ5NW4/00003.wav,id0004
v3_voices_id0027_English_nVLVU-Jr1nU_00009,v3/voices/id0027/English/nVLVU-Jr1nU/00009.wav,id0027
v3_voices_id0030_English_j8ZG04_q-hQ_00027,v3/voices/id0030/English/j8ZG04_q-hQ/00027.wav,id0030
v3_voices_id0057_English_mho36qHpAbk_00043,v3/voices/id0057/English/mho36qHpAbk/00043.wav,id0057
v3_voices_id0043_English_ODfsKabCScE_00013,v3/voices/id0043/English/ODfsKabCScE/00013.wav,id0043
v3_voices_id0057_English_b-BJEln9t-Q_00013,v3/voices/id0057/English/b-BJEln9t-Q/00013.wav,id0057
v3_voices_id0020_English_qCcxyTa7gUQ_00055,v3/voices/id0020/English/qCcxyTa7gUQ/00055.wav,id0020
v3_voices_id0047_English_u-cLZ4X3tSw_00003,v3/voices/id0047/English/u-cLZ4X3tSw/00003.wav,id0047
v3_voices_id0016_English_iMQNAdDAXpU_00062,v3/voices/id0016/English/iMQNAdDAXpU/00062.wav,id0016
v3_voices_id0047_English_M6qgNLFEyCM_00001,v3/voices/id0047/English/M6qgNLFEyCM/00001.wav,id0047
v3_voices_id0010_English_lHGL3kgDb2s_00014,v3/voices/id0010/English/lHGL3kgDb2s/00014.wav,id0010
v3_voices_id0020_English_rXLtmk4MJSU_00004,v3/voices/id0020/English/rXLtmk4MJSU/00004.wav,id0020
v3_voices_id0052_English_fnortnOBv8M_00027,v3/voices/id0052/English/fnortnOBv8M/00027.wav,id0052
v3_voices_id0030_English_j8ZG04_q-hQ_00016,v3/voices/id0030/English/j8ZG04_q-hQ/00016.wav,id0030
v3_voices_id0020_English_qCcxyTa7gUQ_00047,v3/voices/id0020/English/qCcxyTa7gUQ/00047.wav,id0020
v3_voices_id0001_English_msPfcIocWrc_00001,v3/voices/id0001/English/msPfcIocWrc/00001.wav,id0001
v3_voices_id0027_English_KrEkpowh490_00006,v3/voices/id0027/English/KrEkpowh490/00006.wav,id0027
v3_voices_id0030_English_j8ZG04_q-hQ_00006,v3/voices/id0030/English/j8ZG04_q-hQ/00006.wav,id0030
v3_voices_id0044_English_fnhOoPPJZ7s_00002,v3/voices/id0044/English/fnhOoPPJZ7s/00002.wav,id0044
v3_voices_id0052_English_fnortnOBv8M_00058,v3/voices/id0052/English/fnortnOBv8M/00058.wav,id0052
v3_voices_id0043_English_Ab5NbdTqPeA_00023,v3/voices/id0043/English/Ab5NbdTqPeA/00023.wav,id0043
v3_voices_id0041_English_uvkmmOTJ0bE_00007,v3/voices/id0041/English/uvkmmOTJ0bE/00007.wav,id0041
v3_voices_id0057_English_mho36qHpAbk_00027,v3/voices/id0057/English/mho36qHpAbk/00027.wav,id0057
v3_voices_id0044_English_fnhOoPPJZ7s_00016,v3/voices/id0044/English/fnhOoPPJZ7s/00016.wav,id0044
v3_voices_id0027_English_56Rcw9QmcPw_00031,v3/voices/id0027/English/56Rcw9QmcPw/00031.wav,id0027
v3_voices_id0016_English_iMQNAdDAXpU_00053,v3/voices/id0016/English/iMQNAdDAXpU/00053.wav,id0016
v3_voices_id0020_English_qCcxyTa7gUQ_00077,v3/voices/id0020/English/qCcxyTa7gUQ/00077.wav,id0020
v3_voices_id0043_English_Ab5NbdTqPeA_00009,v3/voices/id0043/English/Ab5NbdTqPeA/00009.wav,id0043
v3_voices_id0042_English_Mk_67nbaQ1Q_00026,v3/voices/id0042/English/Mk_67nbaQ1Q/00026.wav,id0042
v3_voices_id0010_English_lHGL3kgDb2s_00004,v3/voices/id0010/English/lHGL3kgDb2s/00004.wav,id0010
v3_voices_id0027_English_56Rcw9QmcPw_00007,v3/voices/id0027/English/56Rcw9QmcPw/00007.wav,id0027
v3_voices_id0043_English_Ab5NbdTqPeA_00014,v3/voices/id0043/English/Ab5NbdTqPeA/00014.wav,id0043
v3_voices_id0043_English_Ab5NbdTqPeA_00037,v3/voices/id0043/English/Ab5NbdTqPeA/00037.wav,id0043
v3_voices_id0042_English_vcvl-A9z5II_00000,v3/voices/id0042/English/vcvl-A9z5II/00000.wav,id0042
v3_voices_id0044_English_fnhOoPPJZ7s_00014,v3/voices/id0044/English/fnhOoPPJZ7s/00014.wav,id0044
v3_voices_id0001_English_msPfcIocWrc_00000,v3/voices/id0001/English/msPfcIocWrc/00000.wav,id0001
v3_voices_id0057_English_b-BJEln9t-Q_00011,v3/voices/id0057/English/b-BJEln9t-Q/00011.wav,id0057
v3_voices_id0057_English_mho36qHpAbk_00038,v3/voices/id0057/English/mho36qHpAbk/00038.wav,id0057
v3_voices_id0009_English_O3Ui-yWKzhc_00020,v3/voices/id0009/English/O3Ui-yWKzhc/00020.wav,id0009
v3_voices_id0030_English_GeJT_RXN8ps_00003,v3/voices/id0030/English/GeJT_RXN8ps/00003.wav,id0030
v3_voices_id0044_English_festftsGYFI_00007,v3/voices/id0044/English/festftsGYFI/00007.wav,id0044
v3_voices_id0052_English_3fq6SOjklHQ_00006,v3/voices/id0052/English/3fq6SOjklHQ/00006.wav,id0052
v3_voices_id0020_English_qCcxyTa7gUQ_00057,v3/voices/id0020/English/qCcxyTa7gUQ/00057.wav,id0020
v3_voices_id0052_English_VbkGuCozc9M_00024,v3/voices/id0052/English/VbkGuCozc9M/00024.wav,id0052
v3_voices_id0057_English_b-BJEln9t-Q_00019,v3/voices/id0057/English/b-BJEln9t-Q/00019.wav,id0057
v3_voices_id0020_English_qCcxyTa7gUQ_00020,v3/voices/id0020/English/qCcxyTa7gUQ/00020.wav,id0020
v3_voices_id0027_English_56Rcw9QmcPw_00016,v3/voices/id0027/English/56Rcw9QmcPw/00016.wav,id0027
v3_voices_id0030_English_j8ZG04_q-hQ_00012,v3/voices/id0030/English/j8ZG04_q-hQ/00012.wav,id0030
v3_voices_id0043_English_Ab5NbdTqPeA_00006,v3/voices/id0043/English/Ab5NbdTqPeA/00006.wav,id0043
v3_voices_id0048_English_oQ4Y6GEHhyo_00011,v3/voices/id0048/English/oQ4Y6GEHhyo/00011.wav,id0048
v3_voices_id0005_English_z9r4IWdxW1w_00015,v3/voices/id0005/English/z9r4IWdxW1w/00015.wav,id0005
v3_voices_id0041_English_uvkmmOTJ0bE_00001,v3/voices/id0041/English/uvkmmOTJ0bE/00001.wav,id0041
v3_voices_id0043_English_Ab5NbdTqPeA_00020,v3/voices/id0043/English/Ab5NbdTqPeA/00020.wav,id0043
v3_voices_id0010_English_lHGL3kgDb2s_00003,v3/voices/id0010/English/lHGL3kgDb2s/00003.wav,id0010
v3_voices_id0052_English_UlFUWN3XwCI_00040,v3/voices/id0052/English/UlFUWN3XwCI/00040.wav,id0052
v3_voices_id0057_English_mho36qHpAbk_00024,v3/voices/id0057/English/mho36qHpAbk/00024.wav,id0057
v3_voices_id0004_English_e66dp7tBBls_00001,v3/voices/id0004/English/e66dp7tBBls/00001.wav,id0004
v3_voices_id0027_English_56Rcw9QmcPw_00014,v3/voices/id0027/English/56Rcw9QmcPw/00014.wav,id0027
v3_voices_id0043_English_ODfsKabCScE_00014,v3/voices/id0043/English/ODfsKabCScE/00014.wav,id0043
v3_voices_id0002_English_awN05jdeg90_00020,v3/voices/id0002/English/awN05jdeg90/00020.wav,id0002
v3_voices_id0027_English_56Rcw9QmcPw_00023,v3/voices/id0027/English/56Rcw9QmcPw/00023.wav,id0027
v3_voices_id0009_English_O3Ui-yWKzhc_00021,v3/voices/id0009/English/O3Ui-yWKzhc/00021.wav,id0009
v3_voices_id0025_English_7flPSMiR9Ww_00005,v3/voices/id0025/English/7flPSMiR9Ww/00005.wav,id0025
v3_voices_id0043_English_1RN5GR7aCfs_00001,v3/voices/id0043/English/1RN5GR7aCfs/00001.wav,id0043
v3_voices_id0057_English_mho36qHpAbk_00006,v3/voices/id0057/English/mho36qHpAbk/00006.wav,id0057
v3_voices_id0044_English_WietmlmC9z0_00024,v3/voices/id0044/English/WietmlmC9z0/00024.wav,id0044
v3_voices_id0005_English_DpO7Rsamars_00015,v3/voices/id0005/English/DpO7Rsamars/00015.wav,id0005
v3_voices_id0055_English_GZniQ7YjXmI_00019,v3/voices/id0055/English/GZniQ7YjXmI/00019.wav,id0055
v3_voices_id0057_English_b-BJEln9t-Q_00030,v3/voices/id0057/English/b-BJEln9t-Q/00030.wav,id0057
v3_voices_id0042_English_Gt0gHGgPceU_00003,v3/voices/id0042/English/Gt0gHGgPceU/00003.wav,id0042
v3_voices_id0057_English_b-BJEln9t-Q_00002,v3/voices/id0057/English/b-BJEln9t-Q/00002.wav,id0057
v3_voices_id0048_English_D0ZDRfUMOv0_00001,v3/voices/id0048/English/D0ZDRfUMOv0/00001.wav,id0048
v3_voices_id0041_English_CPeL9KYX_yg_00020,v3/voices/id0041/English/CPeL9KYX_yg/00020.wav,id0041
v3_voices_id0043_English_Ab5NbdTqPeA_00015,v3/voices/id0043/English/Ab5NbdTqPeA/00015.wav,id0043
v3_voices_id0043_English_1RN5GR7aCfs_00003,v3/voices/id0043/English/1RN5GR7aCfs/00003.wav,id0043
v3_voices_id0057_English_mho36qHpAbk_00049,v3/voices/id0057/English/mho36qHpAbk/00049.wav,id0057
v3_voices_id0032_English_KZGmd1mu1Dw_00002,v3/voices/id0032/English/KZGmd1mu1Dw/00002.wav,id0032
v3_voices_id0041_English_CPeL9KYX_yg_00001,v3/voices/id0041/English/CPeL9KYX_yg/00001.wav,id0041
v3_voices_id0052_English_3fq6SOjklHQ_00009,v3/voices/id0052/English/3fq6SOjklHQ/00009.wav,id0052
v3_voices_id0009_English_O3Ui-yWKzhc_00011,v3/voices/id0009/English/O3Ui-yWKzhc/00011.wav,id0009
v3_voices_id0027_English_nVLVU-Jr1nU_00005,v3/voices/id0027/English/nVLVU-Jr1nU/00005.wav,id0027
v3_voices_id0004_English_zj-c7DJ5NW4_00010,v3/voices/id0004/English/zj-c7DJ5NW4/00010.wav,id0004
v3_voices_id0009_English_O3Ui-yWKzhc_00005,v3/voices/id0009/English/O3Ui-yWKzhc/00005.wav,id0009
v3_voices_id0005_English_DpO7Rsamars_00004,v3/voices/id0005/English/DpO7Rsamars/00004.wav,id0005
v3_voices_id0027_English_nVLVU-Jr1nU_00006,v3/voices/id0027/English/nVLVU-Jr1nU/00006.wav,id0027
v3_voices_id0043_English_Ab5NbdTqPeA_00008,v3/voices/id0043/English/Ab5NbdTqPeA/00008.wav,id0043
v3_voices_id0044_English_fnhOoPPJZ7s_00013,v3/voices/id0044/English/fnhOoPPJZ7s/00013.wav,id0044
v3_voices_id0041_English_CPeL9KYX_yg_00009,v3/voices/id0041/English/CPeL9KYX_yg/00009.wav,id0041
v3_voices_id0055_English_GZniQ7YjXmI_00007,v3/voices/id0055/English/GZniQ7YjXmI/00007.wav,id0055
v3_voices_id0008_English_2jxxeqU9ucI_00000,v3/voices/id0008/English/2jxxeqU9ucI/00000.wav,id0008
v3_voices_id0004_English_zj-c7DJ5NW4_00001,v3/voices/id0004/English/zj-c7DJ5NW4/00001.wav,id0004
v3_voices_id0052_English_fnortnOBv8M_00068,v3/voices/id0052/English/fnortnOBv8M/00068.wav,id0052
v3_voices_id0041_English_uvkmmOTJ0bE_00011,v3/voices/id0041/English/uvkmmOTJ0bE/00011.wav,id0041
v3_voices_id0030_English_GeJT_RXN8ps_00001,v3/voices/id0030/English/GeJT_RXN8ps/00001.wav,id0030
v3_voices_id0027_English_56Rcw9QmcPw_00003,v3/voices/id0027/English/56Rcw9QmcPw/00003.wav,id0027
v3_voices_id0057_English_mho36qHpAbk_00033,v3/voices/id0057/English/mho36qHpAbk/00033.wav,id0057
v3_voices_id0020_English_qCcxyTa7gUQ_00056,v3/voices/id0020/English/qCcxyTa7gUQ/00056.wav,id0020
v3_voices_id0004_English_zj-c7DJ5NW4_00000,v3/voices/id0004/English/zj-c7DJ5NW4/00000.wav,id0004
v3_voices_id0016_English_iMQNAdDAXpU_00044,v3/voices/id0016/English/iMQNAdDAXpU/00044.wav,id0016
v3_voices_id0022_English_uaImIRUyZqw_00020,v3/voices/id0022/English/uaImIRUyZqw/00020.wav,id0022
v3_voices_id0043_English_Ab5NbdTqPeA_00001,v3/voices/id0043/English/Ab5NbdTqPeA/00001.wav,id0043
v3_voices_id0022_English_pz9DMTtrjwQ_00017,v3/voices/id0022/English/pz9DMTtrjwQ/00017.wav,id0022
v3_voices_id0002_English_gvPM4ePeZ0s_00002,v3/voices/id0002/English/gvPM4ePeZ0s/00002.wav,id0002
v3_voices_id0044_English_WietmlmC9z0_00013,v3/voices/id0044/English/WietmlmC9z0/00013.wav,id0044
v3_voices_id0022_English_pz9DMTtrjwQ_00027,v3/voices/id0022/English/pz9DMTtrjwQ/00027.wav,id0022
v3_voices_id0004_English_zj-c7DJ5NW4_00022,v3/voices/id0004/English/zj-c7DJ5NW4/00022.wav,id0004
v3_voices_id0045_English_q9WK-RUDJcg_00001,v3/voices/id0045/English/q9WK-RUDJcg/00001.wav,id0045
v3_voices_id0044_English_fnhOoPPJZ7s_00009,v3/voices/id0044/English/fnhOoPPJZ7s/00009.wav,id0044
v3_voices_id0020_English_qCcxyTa7gUQ_00065,v3/voices/id0020/English/qCcxyTa7gUQ/00065.wav,id0020
v3_voices_id0020_English_qCcxyTa7gUQ_00068,v3/voices/id0020/English/qCcxyTa7gUQ/00068.wav,id0020
v3_voices_id0020_English_qCcxyTa7gUQ_00018,v3/voices/id0020/English/qCcxyTa7gUQ/00018.wav,id0020
v3_voices_id0052_English_fnortnOBv8M_00035,v3/voices/id0052/English/fnortnOBv8M/00035.wav,id0052
v3_voices_id0056_English_HoRNF65WMwE_00003,v3/voices/id0056/English/HoRNF65WMwE/00003.wav,id0056
v3_voices_id0020_English_qCcxyTa7gUQ_00066,v3/voices/id0020/English/qCcxyTa7gUQ/00066.wav,id0020
v3_voices_id0044_English_GKxr7PGjuqc_00005,v3/voices/id0044/English/GKxr7PGjuqc/00005.wav,id0044
v3_voices_id0012_English_7aqjACP4bKk_00003,v3/voices/id0012/English/7aqjACP4bKk/00003.wav,id0012
v3_voices_id0020_English_qCcxyTa7gUQ_00043,v3/voices/id0020/English/qCcxyTa7gUQ/00043.wav,id0020
v3_voices_id0005_English_DpO7Rsamars_00008,v3/voices/id0005/English/DpO7Rsamars/00008.wav,id0005
v3_voices_id0057_English_mho36qHpAbk_00046,v3/voices/id0057/English/mho36qHpAbk/00046.wav,id0057
v3_voices_id0044_English_Gx9wJk7KjQc_00011,v3/voices/id0044/English/Gx9wJk7KjQc/00011.wav,id0044
v3_voices_id0048_English_1EflTHDLE24_00002,v3/voices/id0048/English/1EflTHDLE24/00002.wav,id0048
v3_voices_id0044_English_fnhOoPPJZ7s_00003,v3/voices/id0044/English/fnhOoPPJZ7s/00003.wav,id0044
v3_voices_id0047_English_X7tLHPe1qjY_00003,v3/voices/id0047/English/X7tLHPe1qjY/00003.wav,id0047
v3_voices_id0020_English_qCcxyTa7gUQ_00039,v3/voices/id0020/English/qCcxyTa7gUQ/00039.wav,id0020
v3_voices_id0052_English_VbkGuCozc9M_00016,v3/voices/id0052/English/VbkGuCozc9M/00016.wav,id0052
v3_voices_id0009_English_O3Ui-yWKzhc_00009,v3/voices/id0009/English/O3Ui-yWKzhc/00009.wav,id0009
v3_voices_id0004_English_zj-c7DJ5NW4_00006,v3/voices/id0004/English/zj-c7DJ5NW4/00006.wav,id0004
v3_voices_id0038_English_3bGH1U1y7rw_00001,v3/voices/id0038/English/3bGH1U1y7rw/00001.wav,id0038
v3_voices_id0009_English_O3Ui-yWKzhc_00006,v3/voices/id0009/English/O3Ui-yWKzhc/00006.wav,id0009
v3_voices_id0020_English_qCcxyTa7gUQ_00067,v3/voices/id0020/English/qCcxyTa7gUQ/00067.wav,id0020
v3_voices_id0057_English_b-BJEln9t-Q_00007,v3/voices/id0057/English/b-BJEln9t-Q/00007.wav,id0057
v3_voices_id0044_English_a08Tue6lb0Q_00007,v3/voices/id0044/English/a08Tue6lb0Q/00007.wav,id0044
v3_voices_id0055_English_GZniQ7YjXmI_00017,v3/voices/id0055/English/GZniQ7YjXmI/00017.wav,id0055
v3_voices_id0047_English_u-cLZ4X3tSw_00000,v3/voices/id0047/English/u-cLZ4X3tSw/00000.wav,id0047
v3_voices_id0044_English_WietmlmC9z0_00023,v3/voices/id0044/English/WietmlmC9z0/00023.wav,id0044
v3_voices_id0052_English_zW_wfXT_BG8_00010,v3/voices/id0052/English/zW_wfXT_BG8/00010.wav,id0052
v3_voices_id0010_English_lHGL3kgDb2s_00010,v3/voices/id0010/English/lHGL3kgDb2s/00010.wav,id0010
v3_voices_id0004_English_zj-c7DJ5NW4_00005,v3/voices/id0004/English/zj-c7DJ5NW4/00005.wav,id0004
v3_voices_id0002_English_awN05jdeg90_00010,v3/voices/id0002/English/awN05jdeg90/00010.wav,id0002
v3_voices_id0001_English_XtKYDOsvsG0_00001,v3/voices/id0001/English/XtKYDOsvsG0/00001.wav,id0001
v3_voices_id0043_English_Ab5NbdTqPeA_00011,v3/voices/id0043/English/Ab5NbdTqPeA/00011.wav,id0043
v3_voices_id0044_English_GKxr7PGjuqc_00001,v3/voices/id0044/English/GKxr7PGjuqc/00001.wav,id0044
v3_voices_id0052_English_fnortnOBv8M_00016,v3/voices/id0052/English/fnortnOBv8M/00016.wav,id0052
v3_voices_id0044_English_Gx9wJk7KjQc_00020,v3/voices/id0044/English/Gx9wJk7KjQc/00020.wav,id0044
v3_voices_id0020_English_rXLtmk4MJSU_00025,v3/voices/id0020/English/rXLtmk4MJSU/00025.wav,id0020
v3_voices_id0057_English_mho36qHpAbk_00044,v3/voices/id0057/English/mho36qHpAbk/00044.wav,id0057
v3_voices_id0052_English_H3k1XvAhqUo_00017,v3/voices/id0052/English/H3k1XvAhqUo/00017.wav,id0052
v3_voices_id0030_English_GeJT_RXN8ps_00007,v3/voices/id0030/English/GeJT_RXN8ps/00007.wav,id0030
v3_voices_id0043_English_Ab5NbdTqPeA_00028,v3/voices/id0043/English/Ab5NbdTqPeA/00028.wav,id0043
v3_voices_id0055_English_GZniQ7YjXmI_00006,v3/voices/id0055/English/GZniQ7YjXmI/00006.wav,id0055
v3_voices_id0052_English_3fq6SOjklHQ_00002,v3/voices/id0052/English/3fq6SOjklHQ/00002.wav,id0052
v3_voices_id0025_English_7flPSMiR9Ww_00000,v3/voices/id0025/English/7flPSMiR9Ww/00000.wav,id0025
v3_voices_id0020_English_rXLtmk4MJSU_00043,v3/voices/id0020/English/rXLtmk4MJSU/00043.wav,id0020
v3_voices_id0027_English_KrEkpowh490_00012,v3/voices/id0027/English/KrEkpowh490/00012.wav,id0027
v3_voices_id0044_English_GKxr7PGjuqc_00013,v3/voices/id0044/English/GKxr7PGjuqc/00013.wav,id0044
v3_voices_id0052_English_fnortnOBv8M_00066,v3/voices/id0052/English/fnortnOBv8M/00066.wav,id0052
v3_voices_id0042_English_Gt0gHGgPceU_00007,v3/voices/id0042/English/Gt0gHGgPceU/00007.wav,id0042
v3_voices_id0044_English_festftsGYFI_00005,v3/voices/id0044/English/festftsGYFI/00005.wav,id0044
v3_voices_id0052_English_UlFUWN3XwCI_00038,v3/voices/id0052/English/UlFUWN3XwCI/00038.wav,id0052
v3_voices_id0043_English_ODfsKabCScE_00003,v3/voices/id0043/English/ODfsKabCScE/00003.wav,id0043
v3_voices_id0002_English_awN05jdeg90_00015,v3/voices/id0002/English/awN05jdeg90/00015.wav,id0002
v3_voices_id0041_English_CPeL9KYX_yg_00006,v3/voices/id0041/English/CPeL9KYX_yg/00006.wav,id0041
v3_voices_id0048_English_FUaGL27xxYc_00004,v3/voices/id0048/English/FUaGL27xxYc/00004.wav,id0048
v3_voices_id0030_English_j8ZG04_q-hQ_00003,v3/voices/id0030/English/j8ZG04_q-hQ/00003.wav,id0030
v3_voices_id0018_English_Z0S0b_Ya0Sw_00000,v3/voices/id0018/English/Z0S0b_Ya0Sw/00000.wav,id0018
v3_voices_id0048_English_FUaGL27xxYc_00001,v3/voices/id0048/English/FUaGL27xxYc/00001.wav,id0048
v3_voices_id0025_English_yMJlXBbie_I_00001,v3/voices/id0025/English/yMJlXBbie_I/00001.wav,id0025
v3_voices_id0011_English_vwiOFgYuJ-M_00008,v3/voices/id0011/English/vwiOFgYuJ-M/00008.wav,id0011
v3_voices_id0004_English_zj-c7DJ5NW4_00008,v3/voices/id0004/English/zj-c7DJ5NW4/00008.wav,id0004
v3_voices_id0041_English_uvkmmOTJ0bE_00002,v3/voices/id0041/English/uvkmmOTJ0bE/00002.wav,id0041
v3_voices_id0047_English_M6qgNLFEyCM_00004,v3/voices/id0047/English/M6qgNLFEyCM/00004.wav,id0047
v3_voices_id0052_English_fnortnOBv8M_00056,v3/voices/id0052/English/fnortnOBv8M/00056.wav,id0052
v3_voices_id0053_English_2fth5hkjyns_00001,v3/voices/id0053/English/2fth5hkjyns/00001.wav,id0053
v3_voices_id0057_English_mho36qHpAbk_00007,v3/voices/id0057/English/mho36qHpAbk/00007.wav,id0057
v3_voices_id0057_English_mho36qHpAbk_00042,v3/voices/id0057/English/mho36qHpAbk/00042.wav,id0057
v3_voices_id0027_English_56Rcw9QmcPw_00029,v3/voices/id0027/English/56Rcw9QmcPw/00029.wav,id0027
v3_voices_id0027_English_56Rcw9QmcPw_00000,v3/voices/id0027/English/56Rcw9QmcPw/00000.wav,id0027
v3_voices_id0044_English_WietmlmC9z0_00012,v3/voices/id0044/English/WietmlmC9z0/00012.wav,id0044
v3_voices_id0011_English_vwiOFgYuJ-M_00002,v3/voices/id0011/English/vwiOFgYuJ-M/00002.wav,id0011
v3_voices_id0052_English_fnortnOBv8M_00064,v3/voices/id0052/English/fnortnOBv8M/00064.wav,id0052
v3_voices_id0041_English_CPeL9KYX_yg_00019,v3/voices/id0041/English/CPeL9KYX_yg/00019.wav,id0041
v3_voices_id0055_English_GZniQ7YjXmI_00008,v3/voices/id0055/English/GZniQ7YjXmI/00008.wav,id0055
v3_voices_id0027_English_KrEkpowh490_00010,v3/voices/id0027/English/KrEkpowh490/00010.wav,id0027
v3_voices_id0056_English_HoRNF65WMwE_00007,v3/voices/id0056/English/HoRNF65WMwE/00007.wav,id0056
v3_voices_id0057_English_mho36qHpAbk_00005,v3/voices/id0057/English/mho36qHpAbk/00005.wav,id0057
v3_voices_id0055_English_GZniQ7YjXmI_00002,v3/voices/id0055/English/GZniQ7YjXmI/00002.wav,id0055
v3_voices_id0055_English_GZniQ7YjXmI_00013,v3/voices/id0055/English/GZniQ7YjXmI/00013.wav,id0055
v3_voices_id0052_English_VbkGuCozc9M_00005,v3/voices/id0052/English/VbkGuCozc9M/00005.wav,id0052
v3_voices_id0057_English_mho36qHpAbk_00051,v3/voices/id0057/English/mho36qHpAbk/00051.wav,id0057
v3_voices_id0027_English_56Rcw9QmcPw_00006,v3/voices/id0027/English/56Rcw9QmcPw/00006.wav,id0027
v3_voices_id0032_English_KZGmd1mu1Dw_00003,v3/voices/id0032/English/KZGmd1mu1Dw/00003.wav,id0032
v3_voices_id0057_English_b-BJEln9t-Q_00018,v3/voices/id0057/English/b-BJEln9t-Q/00018.wav,id0057
v3_voices_id0043_English_Ab5NbdTqPeA_00003,v3/voices/id0043/English/Ab5NbdTqPeA/00003.wav,id0043
v3_voices_id0055_English_GZniQ7YjXmI_00005,v3/voices/id0055/English/GZniQ7YjXmI/00005.wav,id0055
v3_voices_id0027_English_56Rcw9QmcPw_00028,v3/voices/id0027/English/56Rcw9QmcPw/00028.wav,id0027
v3_voices_id0057_English_mho36qHpAbk_00048,v3/voices/id0057/English/mho36qHpAbk/00048.wav,id0057
v3_voices_id0055_English_GZniQ7YjXmI_00011,v3/voices/id0055/English/GZniQ7YjXmI/00011.wav,id0055
v3_voices_id0004_English_zj-c7DJ5NW4_00021,v3/voices/id0004/English/zj-c7DJ5NW4/00021.wav,id0004
v3_voices_id0004_English_zj-c7DJ5NW4_00019,v3/voices/id0004/English/zj-c7DJ5NW4/00019.wav,id0004
v3_voices_id0043_English_Ab5NbdTqPeA_00012,v3/voices/id0043/English/Ab5NbdTqPeA/00012.wav,id0043
v3_voices_id0012_English_zKC-SDHPE-I_00005,v3/voices/id0012/English/zKC-SDHPE-I/00005.wav,id0012
v3_voices_id0055_English_GZniQ7YjXmI_00018,v3/voices/id0055/English/GZniQ7YjXmI/00018.wav,id0055
v3_voices_id0023_English_d0lBiWDh7Eo_00000,v3/voices/id0023/English/d0lBiWDh7Eo/00000.wav,id0023
v3_voices_id0018_English_iPZWwcPqSuY_00000,v3/voices/id0018/English/iPZWwcPqSuY/00000.wav,id0018
v3_voices_id0057_English_b-BJEln9t-Q_00029,v3/voices/id0057/English/b-BJEln9t-Q/00029.wav,id0057
v3_voices_id0057_English_mho36qHpAbk_00025,v3/voices/id0057/English/mho36qHpAbk/00025.wav,id0057
v3_voices_id0005_English_z9r4IWdxW1w_00012,v3/voices/id0005/English/z9r4IWdxW1w/00012.wav,id0005
v3_voices_id0041_English_CPeL9KYX_yg_00005,v3/voices/id0041/English/CPeL9KYX_yg/00005.wav,id0041
v3_voices_id0044_English_a08Tue6lb0Q_00000,v3/voices/id0044/English/a08Tue6lb0Q/00000.wav,id0044
v3_voices_id0057_English_mho36qHpAbk_00028,v3/voices/id0057/English/mho36qHpAbk/00028.wav,id0057
v3_voices_id0047_English_M6qgNLFEyCM_00006,v3/voices/id0047/English/M6qgNLFEyCM/00006.wav,id0047
v3_voices_id0043_English_ODfsKabCScE_00010,v3/voices/id0043/English/ODfsKabCScE/00010.wav,id0043
v3_voices_id0030_English_j8ZG04_q-hQ_00009,v3/voices/id0030/English/j8ZG04_q-hQ/00009.wav,id0030
v3_voices_id0041_English_CPeL9KYX_yg_00018,v3/voices/id0041/English/CPeL9KYX_yg/00018.wav,id0041
v3_voices_id0052_English_3fq6SOjklHQ_00001,v3/voices/id0052/English/3fq6SOjklHQ/00001.wav,id0052
v3_voices_id0020_English_rXLtmk4MJSU_00044,v3/voices/id0020/English/rXLtmk4MJSU/00044.wav,id0020
v3_voices_id0044_English_festftsGYFI_00010,v3/voices/id0044/English/festftsGYFI/00010.wav,id0044
v3_voices_id0057_English_mho36qHpAbk_00021,v3/voices/id0057/English/mho36qHpAbk/00021.wav,id0057
