ID,img,speaker
v3_faces_id0057_German_Zo-zH4oduic_000260125,v3/faces/id0057/German/Zo-zH4oduic/000260125.jpg,id0057
v3_faces_id0001_German_qnEJMy05qhU_000002850,v3/faces/id0001/German/qnEJMy05qhU/000002850.jpg,id0001
v3_faces_id0041_German_dzdj2DxHqwY_000300250,v3/faces/id0041/German/dzdj2DxHqwY/000300250.jpg,id0041
v3_faces_id0041_German_dzdj2DxHqwY_000010150,v3/faces/id0041/German/dzdj2DxHqwY/000010150.jpg,id0041
v3_faces_id0057_German_LxEE7IYHGAk_000050575,v3/faces/id0057/German/LxEE7IYHGAk/000050575.jpg,id0057
v3_faces_id0016_German_7BrV3ztO9mw_000160125,v3/faces/id0016/German/7BrV3ztO9mw/000160125.jpg,id0016
v3_faces_id0020_German_-bhDAECe3FI_000320450,v3/faces/id0020/German/-bhDAECe3FI/000320450.jpg,id0020
v3_faces_id0028_German_eogFUuT25f4_000390300,v3/faces/id0028/German/eogFUuT25f4/000390300.jpg,id0028
v3_faces_id0045_German_orxGzeyHuE0_000300100,v3/faces/id0045/German/orxGzeyHuE0/000300100.jpg,id0045
v3_faces_id0005_German_cHAEAKF2jzo_000010275,v3/faces/id0005/German/cHAEAKF2jzo/000010275.jpg,id0005
v3_faces_id0001_German_O14Izflu0ac_000010100,v3/faces/id0001/German/O14Izflu0ac/000010100.jpg,id0001
v3_faces_id0041_German_dzdj2DxHqwY_000040250,v3/faces/id0041/German/dzdj2DxHqwY/000040250.jpg,id0041
v3_faces_id0025_German_hAr6jHIqSGA_000090250,v3/faces/id0025/German/hAr6jHIqSGA/000090250.jpg,id0025
v3_faces_id0045_German_orxGzeyHuE0_000330350,v3/faces/id0045/German/orxGzeyHuE0/000330350.jpg,id0045
v3_faces_id0030_German_VIHNCmmNH1s_000410025,v3/faces/id0030/German/VIHNCmmNH1s/000410025.jpg,id0030
v3_faces_id0052_German_tHx1edLkXwU_000102000,v3/faces/id0052/German/tHx1edLkXwU/000102000.jpg,id0052
v3_faces_id0001_German_OmqPjkYoqRo_000140250,v3/faces/id0001/German/OmqPjkYoqRo/000140250.jpg,id0001
v3_faces_id0041_German_dzdj2DxHqwY_000230950,v3/faces/id0041/German/dzdj2DxHqwY/000230950.jpg,id0041
v3_faces_id0042_German_8VCOg4ELM_s_000140225,v3/faces/id0042/German/8VCOg4ELM_s/000140225.jpg,id0042
v3_faces_id0001_German_OmqPjkYoqRo_000330650,v3/faces/id0001/German/OmqPjkYoqRo/000330650.jpg,id0001
v3_faces_id0044_German_XmZU2xgo9VY_000400225,v3/faces/id0044/German/XmZU2xgo9VY/000400225.jpg,id0044
v3_faces_id0013_German_SQulJxMHQPA_000070250,v3/faces/id0013/German/SQulJxMHQPA/000070250.jpg,id0013
v3_faces_id0012_German__jyAzohq6Qg_000400475,v3/faces/id0012/German/_jyAzohq6Qg/000400475.jpg,id0012
v3_faces_id0006_German_Q-VBiizGNq8_000460075,v3/faces/id0006/German/Q-VBiizGNq8/000460075.jpg,id0006
v3_faces_id0030_German_VIHNCmmNH1s_000750100,v3/faces/id0030/German/VIHNCmmNH1s/000750100.jpg,id0030
v3_faces_id0041_German_TR36AhhvdL8_000050600,v3/faces/id0041/German/TR36AhhvdL8/000050600.jpg,id0041
v3_faces_id0006_German_Q-VBiizGNq8_000450350,v3/faces/id0006/German/Q-VBiizGNq8/000450350.jpg,id0006
v3_faces_id0041_German_dzdj2DxHqwY_000130100,v3/faces/id0041/German/dzdj2DxHqwY/000130100.jpg,id0041
v3_faces_id0055_German_DM3pI__Ipcc_000040200,v3/faces/id0055/German/DM3pI__Ipcc/000040200.jpg,id0055
v3_faces_id0056_German_puhVKfWcHcs_001011200,v3/faces/id0056/German/puhVKfWcHcs/001011200.jpg,id0056
v3_faces_id0044_German_XmZU2xgo9VY_000300250,v3/faces/id0044/German/XmZU2xgo9VY/000300250.jpg,id0044
v3_faces_id0057_German_D5rBHljMhhU_000100300,v3/faces/id0057/German/D5rBHljMhhU/000100300.jpg,id0057
v3_faces_id0038_German_DKdY6ld_lJI_000070550,v3/faces/id0038/German/DKdY6ld_lJI/000070550.jpg,id0038
v3_faces_id0056_German_puhVKfWcHcs_000050425,v3/faces/id0056/German/puhVKfWcHcs/000050425.jpg,id0056
v3_faces_id0057_German_yASLbzGBX3c_000020200,v3/faces/id0057/German/yASLbzGBX3c/000020200.jpg,id0057
v3_faces_id0055_German_DM3pI__Ipcc_000270100,v3/faces/id0055/German/DM3pI__Ipcc/000270100.jpg,id0055
v3_faces_id0042_German_8VCOg4ELM_s_000020250,v3/faces/id0042/German/8VCOg4ELM_s/000020250.jpg,id0042
v3_faces_id0020_German_-bhDAECe3FI_000270225,v3/faces/id0020/German/-bhDAECe3FI/000270225.jpg,id0020
v3_faces_id0042_German_8VCOg4ELM_s_000050050,v3/faces/id0042/German/8VCOg4ELM_s/000050050.jpg,id0042
v3_faces_id0057_German_sZjqF8Itz5I_000340050,v3/faces/id0057/German/sZjqF8Itz5I/000340050.jpg,id0057
v3_faces_id0030_German_VIHNCmmNH1s_000330200,v3/faces/id0030/German/VIHNCmmNH1s/000330200.jpg,id0030
v3_faces_id0043_German_8E4QdBhilgs_000010125,v3/faces/id0043/German/8E4QdBhilgs/000010125.jpg,id0043
v3_faces_id0057_German_sZjqF8Itz5I_000210025,v3/faces/id0057/German/sZjqF8Itz5I/000210025.jpg,id0057
v3_faces_id0028_German_eogFUuT25f4_000290125,v3/faces/id0028/German/eogFUuT25f4/000290125.jpg,id0028
v3_faces_id0045_German_orxGzeyHuE0_000310100,v3/faces/id0045/German/orxGzeyHuE0/000310100.jpg,id0045
v3_faces_id0055_German_DM3pI__Ipcc_000100225,v3/faces/id0055/German/DM3pI__Ipcc/000100225.jpg,id0055
v3_faces_id0030_German_VIHNCmmNH1s_000020050,v3/faces/id0030/German/VIHNCmmNH1s/000020050.jpg,id0030
v3_faces_id0041_German_dzdj2DxHqwY_000100625,v3/faces/id0041/German/dzdj2DxHqwY/000100625.jpg,id0041
v3_faces_id0013_German_SQulJxMHQPA_000140375,v3/faces/id0013/German/SQulJxMHQPA/000140375.jpg,id0013
v3_faces_id0016_German_4BEYh1O14Oc_000220200,v3/faces/id0016/German/4BEYh1O14Oc/000220200.jpg,id0016
v3_faces_id0006_German_Q-VBiizGNq8_000300450,v3/faces/id0006/German/Q-VBiizGNq8/000300450.jpg,id0006
v3_faces_id0030_German_VIHNCmmNH1s_000680025,v3/faces/id0030/German/VIHNCmmNH1s/000680025.jpg,id0030
v3_faces_id0001_German_OmqPjkYoqRo_000180075,v3/faces/id0001/German/OmqPjkYoqRo/000180075.jpg,id0001
v3_faces_id0030_German_VIHNCmmNH1s_000310150,v3/faces/id0030/German/VIHNCmmNH1s/000310150.jpg,id0030
v3_faces_id0009_German_k4a9aqDW_dI_000030100,v3/faces/id0009/German/k4a9aqDW_dI/000030100.jpg,id0009
v3_faces_id0057_German_sZjqF8Itz5I_000230050,v3/faces/id0057/German/sZjqF8Itz5I/000230050.jpg,id0057
v3_faces_id0030_German_VIHNCmmNH1s_000170175,v3/faces/id0030/German/VIHNCmmNH1s/000170175.jpg,id0030
v3_faces_id0004_German_HR-NUPX26H0_000050050,v3/faces/id0004/German/HR-NUPX26H0/000050050.jpg,id0004
v3_faces_id0047_German_vj1RBrk3RXo_000040175,v3/faces/id0047/German/vj1RBrk3RXo/000040175.jpg,id0047
v3_faces_id0016_German_dvpMWTzxPAc_000110025,v3/faces/id0016/German/dvpMWTzxPAc/000110025.jpg,id0016
v3_faces_id0030_German_VIHNCmmNH1s_000680225,v3/faces/id0030/German/VIHNCmmNH1s/000680225.jpg,id0030
v3_faces_id0001_German_OmqPjkYoqRo_000290175,v3/faces/id0001/German/OmqPjkYoqRo/000290175.jpg,id0001
v3_faces_id0047_German_yDeRW0liUCU_000020125,v3/faces/id0047/German/yDeRW0liUCU/000020125.jpg,id0047
v3_faces_id0028_German_eogFUuT25f4_000020100,v3/faces/id0028/German/eogFUuT25f4/000020100.jpg,id0028
v3_faces_id0028_German_DRnos20OlzY_000030200,v3/faces/id0028/German/DRnos20OlzY/000030200.jpg,id0028
v3_faces_id0010_German_MxiOjLkQ-98_000510425,v3/faces/id0010/German/MxiOjLkQ-98/000510425.jpg,id0010
v3_faces_id0047_German_yIxQbCEXK9s_000050050,v3/faces/id0047/German/yIxQbCEXK9s/000050050.jpg,id0047
v3_faces_id0006_German_Q-VBiizGNq8_000340200,v3/faces/id0006/German/Q-VBiizGNq8/000340200.jpg,id0006
v3_faces_id0001_German_OmqPjkYoqRo_000140025,v3/faces/id0001/German/OmqPjkYoqRo/000140025.jpg,id0001
v3_faces_id0004_German_HR-NUPX26H0_000040200,v3/faces/id0004/German/HR-NUPX26H0/000040200.jpg,id0004
v3_faces_id0028_German_eogFUuT25f4_000360200,v3/faces/id0028/German/eogFUuT25f4/000360200.jpg,id0028
v3_faces_id0055_German_DM3pI__Ipcc_000160175,v3/faces/id0055/German/DM3pI__Ipcc/000160175.jpg,id0055
v3_faces_id0046_German_DkbEyCAV-wk_000200275,v3/faces/id0046/German/DkbEyCAV-wk/000200275.jpg,id0046
v3_faces_id0013_German_zpmcvt4j--U_000050100,v3/faces/id0013/German/zpmcvt4j--U/000050100.jpg,id0013
v3_faces_id0016_German_7BrV3ztO9mw_000050150,v3/faces/id0016/German/7BrV3ztO9mw/000050150.jpg,id0016
v3_faces_id0041_German_zLCoM3KRn7w_000020100,v3/faces/id0041/German/zLCoM3KRn7w/000020100.jpg,id0041
v3_faces_id0055_German_Kp2Knao6Qu8_000040075,v3/faces/id0055/German/Kp2Knao6Qu8/000040075.jpg,id0055
v3_faces_id0009_German_k4a9aqDW_dI_000010075,v3/faces/id0009/German/k4a9aqDW_dI/000010075.jpg,id0009
v3_faces_id0006_German_Q-VBiizGNq8_000150125,v3/faces/id0006/German/Q-VBiizGNq8/000150125.jpg,id0006
v3_faces_id0012_German__jyAzohq6Qg_000050450,v3/faces/id0012/German/_jyAzohq6Qg/000050450.jpg,id0012
v3_faces_id0044_German_XmZU2xgo9VY_000060075,v3/faces/id0044/German/XmZU2xgo9VY/000060075.jpg,id0044
v3_faces_id0009_German_nCZBf6fHk_M_000130025,v3/faces/id0009/German/nCZBf6fHk_M/000130025.jpg,id0009
v3_faces_id0048_German_1pzw0Ygg9AE_000050175,v3/faces/id0048/German/1pzw0Ygg9AE/000050175.jpg,id0048
v3_faces_id0041_German_zLCoM3KRn7w_000210125,v3/faces/id0041/German/zLCoM3KRn7w/000210125.jpg,id0041
v3_faces_id0030_German_VIHNCmmNH1s_000890300,v3/faces/id0030/German/VIHNCmmNH1s/000890300.jpg,id0030
v3_faces_id0041_German_zLCoM3KRn7w_000190125,v3/faces/id0041/German/zLCoM3KRn7w/000190125.jpg,id0041
v3_faces_id0012_German__jyAzohq6Qg_000300200,v3/faces/id0012/German/_jyAzohq6Qg/000300200.jpg,id0012
v3_faces_id0041_German_zLCoM3KRn7w_000290175,v3/faces/id0041/German/zLCoM3KRn7w/000290175.jpg,id0041
v3_faces_id0028_German_eogFUuT25f4_000380675,v3/faces/id0028/German/eogFUuT25f4/000380675.jpg,id0028
v3_faces_id0045_German_orxGzeyHuE0_000110075,v3/faces/id0045/German/orxGzeyHuE0/000110075.jpg,id0045
v3_faces_id0057_German_Zo-zH4oduic_000630025,v3/faces/id0057/German/Zo-zH4oduic/000630025.jpg,id0057
v3_faces_id0022_German_leLXJ5heYXg_000110100,v3/faces/id0022/German/leLXJ5heYXg/000110100.jpg,id0022
v3_faces_id0030_German_VIHNCmmNH1s_000800250,v3/faces/id0030/German/VIHNCmmNH1s/000800250.jpg,id0030
v3_faces_id0048_German_1pzw0Ygg9AE_000060100,v3/faces/id0048/German/1pzw0Ygg9AE/000060100.jpg,id0048
v3_faces_id0022_German_9Qi5kevt5L4_000120050,v3/faces/id0022/German/9Qi5kevt5L4/000120050.jpg,id0022
v3_faces_id0030_German_VIHNCmmNH1s_000410250,v3/faces/id0030/German/VIHNCmmNH1s/000410250.jpg,id0030
v3_faces_id0038_German_frPsr-bk23o_000000425,v3/faces/id0038/German/frPsr-bk23o/000000425.jpg,id0038
v3_faces_id0057_German_sZjqF8Itz5I_000230225,v3/faces/id0057/German/sZjqF8Itz5I/000230225.jpg,id0057
v3_faces_id0055_German_DM3pI__Ipcc_000110200,v3/faces/id0055/German/DM3pI__Ipcc/000110200.jpg,id0055
v3_faces_id0055_German_DM3pI__Ipcc_000140075,v3/faces/id0055/German/DM3pI__Ipcc/000140075.jpg,id0055
v3_faces_id0057_German_Zo-zH4oduic_000260300,v3/faces/id0057/German/Zo-zH4oduic/000260300.jpg,id0057
v3_faces_id0042_German_8VCOg4ELM_s_000050600,v3/faces/id0042/German/8VCOg4ELM_s/000050600.jpg,id0042
v3_faces_id0055_German_DM3pI__Ipcc_000180250,v3/faces/id0055/German/DM3pI__Ipcc/000180250.jpg,id0055
v3_faces_id0044_German_C-3jFBE5IR8_000080325,v3/faces/id0044/German/C-3jFBE5IR8/000080325.jpg,id0044
v3_faces_id0056_German_puhVKfWcHcs_001040025,v3/faces/id0056/German/puhVKfWcHcs/001040025.jpg,id0056
v3_faces_id0057_German_Zo-zH4oduic_000220700,v3/faces/id0057/German/Zo-zH4oduic/000220700.jpg,id0057
v3_faces_id0041_German_dzdj2DxHqwY_000040050,v3/faces/id0041/German/dzdj2DxHqwY/000040050.jpg,id0041
v3_faces_id0028_German_eogFUuT25f4_000161250,v3/faces/id0028/German/eogFUuT25f4/000161250.jpg,id0028
v3_faces_id0006_German_Q-VBiizGNq8_000070125,v3/faces/id0006/German/Q-VBiizGNq8/000070125.jpg,id0006
v3_faces_id0055_German_Kp2Knao6Qu8_000250050,v3/faces/id0055/German/Kp2Knao6Qu8/000250050.jpg,id0055
v3_faces_id0055_German_DM3pI__Ipcc_000250175,v3/faces/id0055/German/DM3pI__Ipcc/000250175.jpg,id0055
v3_faces_id0011_German_LBvJPivToac_000010175,v3/faces/id0011/German/LBvJPivToac/000010175.jpg,id0011
v3_faces_id0057_German_Zo-zH4oduic_000220550,v3/faces/id0057/German/Zo-zH4oduic/000220550.jpg,id0057
v3_faces_id0012_German__jyAzohq6Qg_000130325,v3/faces/id0012/German/_jyAzohq6Qg/000130325.jpg,id0012
v3_faces_id0038_German_DKdY6ld_lJI_000080125,v3/faces/id0038/German/DKdY6ld_lJI/000080125.jpg,id0038
v3_faces_id0028_German_eogFUuT25f4_000400100,v3/faces/id0028/German/eogFUuT25f4/000400100.jpg,id0028
v3_faces_id0010_German_MxiOjLkQ-98_000510475,v3/faces/id0010/German/MxiOjLkQ-98/000510475.jpg,id0010
v3_faces_id0006_German_Q-VBiizGNq8_000300600,v3/faces/id0006/German/Q-VBiizGNq8/000300600.jpg,id0006
v3_faces_id0057_German_Zo-zH4oduic_000240025,v3/faces/id0057/German/Zo-zH4oduic/000240025.jpg,id0057
v3_faces_id0057_German_sZjqF8Itz5I_000310350,v3/faces/id0057/German/sZjqF8Itz5I/000310350.jpg,id0057
v3_faces_id0046_German_DkbEyCAV-wk_000240100,v3/faces/id0046/German/DkbEyCAV-wk/000240100.jpg,id0046
v3_faces_id0041_German_zLCoM3KRn7w_000290100,v3/faces/id0041/German/zLCoM3KRn7w/000290100.jpg,id0041
v3_faces_id0025_German_hAr6jHIqSGA_000090200,v3/faces/id0025/German/hAr6jHIqSGA/000090200.jpg,id0025
v3_faces_id0052_German_tHx1edLkXwU_000110475,v3/faces/id0052/German/tHx1edLkXwU/000110475.jpg,id0052
v3_faces_id0047_German_vj1RBrk3RXo_000020625,v3/faces/id0047/German/vj1RBrk3RXo/000020625.jpg,id0047
v3_faces_id0057_German_yASLbzGBX3c_000020300,v3/faces/id0057/German/yASLbzGBX3c/000020300.jpg,id0057
v3_faces_id0016_German_4BEYh1O14Oc_000240650,v3/faces/id0016/German/4BEYh1O14Oc/000240650.jpg,id0016
v3_faces_id0010_German_MxiOjLkQ-98_000250100,v3/faces/id0010/German/MxiOjLkQ-98/000250100.jpg,id0010
v3_faces_id0001_German_OmqPjkYoqRo_000070075,v3/faces/id0001/German/OmqPjkYoqRo/000070075.jpg,id0001
v3_faces_id0009_German_k4a9aqDW_dI_000010125,v3/faces/id0009/German/k4a9aqDW_dI/000010125.jpg,id0009
v3_faces_id0045_German_orxGzeyHuE0_000300025,v3/faces/id0045/German/orxGzeyHuE0/000300025.jpg,id0045
v3_faces_id0056_German_0sMoUCzqj1Q_000020200,v3/faces/id0056/German/0sMoUCzqj1Q/000020200.jpg,id0056
v3_faces_id0032_German_B71SSf0Eko0_000010600,v3/faces/id0032/German/B71SSf0Eko0/000010600.jpg,id0032
v3_faces_id0055_German_DM3pI__Ipcc_000110250,v3/faces/id0055/German/DM3pI__Ipcc/000110250.jpg,id0055
v3_faces_id0010_German_MxiOjLkQ-98_000310075,v3/faces/id0010/German/MxiOjLkQ-98/000310075.jpg,id0010
v3_faces_id0041_German_dzdj2DxHqwY_000120025,v3/faces/id0041/German/dzdj2DxHqwY/000120025.jpg,id0041
v3_faces_id0052_German_z-aSUEN-sXQ_000022225,v3/faces/id0052/German/z-aSUEN-sXQ/000022225.jpg,id0052
v3_faces_id0041_German__z4ZcI9_zIo_000030075,v3/faces/id0041/German/_z4ZcI9_zIo/000030075.jpg,id0041
v3_faces_id0055_German_L7vg0F3NQiU_000130050,v3/faces/id0055/German/L7vg0F3NQiU/000130050.jpg,id0055
v3_faces_id0013_German_X1QvJBgwA44_000000075,v3/faces/id0013/German/X1QvJBgwA44/000000075.jpg,id0013
v3_faces_id0044_German_ECqGd_RzfDA_000220150,v3/faces/id0044/German/ECqGd_RzfDA/000220150.jpg,id0044
v3_faces_id0016_German_dvpMWTzxPAc_000190350,v3/faces/id0016/German/dvpMWTzxPAc/000190350.jpg,id0016
v3_faces_id0041_German_dzdj2DxHqwY_000110025,v3/faces/id0041/German/dzdj2DxHqwY/000110025.jpg,id0041
v3_faces_id0028_German_eogFUuT25f4_000240100,v3/faces/id0028/German/eogFUuT25f4/000240100.jpg,id0028
v3_faces_id0044_German_XmZU2xgo9VY_000060125,v3/faces/id0044/German/XmZU2xgo9VY/000060125.jpg,id0044
v3_faces_id0030_German_VIHNCmmNH1s_000140200,v3/faces/id0030/German/VIHNCmmNH1s/000140200.jpg,id0030
v3_faces_id0022_German_leLXJ5heYXg_000062125,v3/faces/id0022/German/leLXJ5heYXg/000062125.jpg,id0022
v3_faces_id0013_German_SQulJxMHQPA_000121275,v3/faces/id0013/German/SQulJxMHQPA/000121275.jpg,id0013
v3_faces_id0022_German_leLXJ5heYXg_000070600,v3/faces/id0022/German/leLXJ5heYXg/000070600.jpg,id0022
v3_faces_id0041_German_dzdj2DxHqwY_000400250,v3/faces/id0041/German/dzdj2DxHqwY/000400250.jpg,id0041
v3_faces_id0006_German_3wAZ3UQiSXQ_000000250,v3/faces/id0006/German/3wAZ3UQiSXQ/000000250.jpg,id0006
v3_faces_id0010_German_MxiOjLkQ-98_000190025,v3/faces/id0010/German/MxiOjLkQ-98/000190025.jpg,id0010
v3_faces_id0010_German_MxiOjLkQ-98_000370125,v3/faces/id0010/German/MxiOjLkQ-98/000370125.jpg,id0010
v3_faces_id0022_German_ENdechAstZg_000060100,v3/faces/id0022/German/ENdechAstZg/000060100.jpg,id0022
v3_faces_id0028_German_eogFUuT25f4_000400025,v3/faces/id0028/German/eogFUuT25f4/000400025.jpg,id0028
v3_faces_id0041_German_dzdj2DxHqwY_000030100,v3/faces/id0041/German/dzdj2DxHqwY/000030100.jpg,id0041
v3_faces_id0028_German_eogFUuT25f4_000340125,v3/faces/id0028/German/eogFUuT25f4/000340125.jpg,id0028
v3_faces_id0041_German_zLCoM3KRn7w_000190375,v3/faces/id0041/German/zLCoM3KRn7w/000190375.jpg,id0041
v3_faces_id0006_German_Q-VBiizGNq8_000430500,v3/faces/id0006/German/Q-VBiizGNq8/000430500.jpg,id0006
v3_faces_id0041_German_dzdj2DxHqwY_000300450,v3/faces/id0041/German/dzdj2DxHqwY/000300450.jpg,id0041
v3_faces_id0057_German_Zo-zH4oduic_000570300,v3/faces/id0057/German/Zo-zH4oduic/000570300.jpg,id0057
v3_faces_id0055_German_L7vg0F3NQiU_000130250,v3/faces/id0055/German/L7vg0F3NQiU/000130250.jpg,id0055
v3_faces_id0057_German_sZjqF8Itz5I_000260575,v3/faces/id0057/German/sZjqF8Itz5I/000260575.jpg,id0057
v3_faces_id0057_German_D5rBHljMhhU_000040050,v3/faces/id0057/German/D5rBHljMhhU/000040050.jpg,id0057
v3_faces_id0057_German_Zo-zH4oduic_000220625,v3/faces/id0057/German/Zo-zH4oduic/000220625.jpg,id0057
v3_faces_id0057_German_D5rBHljMhhU_000380575,v3/faces/id0057/German/D5rBHljMhhU/000380575.jpg,id0057
v3_faces_id0005_German_q6ly_7yDvLs_000000125,v3/faces/id0005/German/q6ly_7yDvLs/000000125.jpg,id0005
v3_faces_id0006_German_Q-VBiizGNq8_000680075,v3/faces/id0006/German/Q-VBiizGNq8/000680075.jpg,id0006
v3_faces_id0028_German_eogFUuT25f4_000140450,v3/faces/id0028/German/eogFUuT25f4/000140450.jpg,id0028
v3_faces_id0028_German_eogFUuT25f4_000070025,v3/faces/id0028/German/eogFUuT25f4/000070025.jpg,id0028
v3_faces_id0055_German_DM3pI__Ipcc_000160150,v3/faces/id0055/German/DM3pI__Ipcc/000160150.jpg,id0055
v3_faces_id0001_German_OmqPjkYoqRo_000010200,v3/faces/id0001/German/OmqPjkYoqRo/000010200.jpg,id0001
v3_faces_id0041_German_TR36AhhvdL8_000060250,v3/faces/id0041/German/TR36AhhvdL8/000060250.jpg,id0041
v3_faces_id0046_German_DkbEyCAV-wk_000480075,v3/faces/id0046/German/DkbEyCAV-wk/000480075.jpg,id0046
v3_faces_id0055_German_oucoU5tp0zw_000130225,v3/faces/id0055/German/oucoU5tp0zw/000130225.jpg,id0055
v3_faces_id0057_German_uxRc50q-UaE_000020150,v3/faces/id0057/German/uxRc50q-UaE/000020150.jpg,id0057
v3_faces_id0009_German_k4a9aqDW_dI_000030025,v3/faces/id0009/German/k4a9aqDW_dI/000030025.jpg,id0009
v3_faces_id0028_German_eogFUuT25f4_000050025,v3/faces/id0028/German/eogFUuT25f4/000050025.jpg,id0028
v3_faces_id0042_German_8VCOg4ELM_s_000051925,v3/faces/id0042/German/8VCOg4ELM_s/000051925.jpg,id0042
v3_faces_id0038_German_DKdY6ld_lJI_000060025,v3/faces/id0038/German/DKdY6ld_lJI/000060025.jpg,id0038
v3_faces_id0030_German_VIHNCmmNH1s_000790300,v3/faces/id0030/German/VIHNCmmNH1s/000790300.jpg,id0030
v3_faces_id0016_German_7BrV3ztO9mw_000020025,v3/faces/id0016/German/7BrV3ztO9mw/000020025.jpg,id0016
v3_faces_id0001_German_O14Izflu0ac_000050125,v3/faces/id0001/German/O14Izflu0ac/000050125.jpg,id0001
v3_faces_id0013_German_ZampFS4gy48_000060200,v3/faces/id0013/German/ZampFS4gy48/000060200.jpg,id0013
v3_faces_id0022_German_leLXJ5heYXg_000061025,v3/faces/id0022/German/leLXJ5heYXg/000061025.jpg,id0022
v3_faces_id0038_German_DKdY6ld_lJI_000120725,v3/faces/id0038/German/DKdY6ld_lJI/000120725.jpg,id0038
v3_faces_id0043_German_AljbaZimb9I_000020275,v3/faces/id0043/German/AljbaZimb9I/000020275.jpg,id0043
v3_faces_id0047_German_yIxQbCEXK9s_000020100,v3/faces/id0047/German/yIxQbCEXK9s/000020100.jpg,id0047
v3_faces_id0013_German_q9aCn9w1oJA_000070850,v3/faces/id0013/German/q9aCn9w1oJA/000070850.jpg,id0013
v3_faces_id0055_German_DM3pI__Ipcc_000270200,v3/faces/id0055/German/DM3pI__Ipcc/000270200.jpg,id0055
v3_faces_id0030_German_VIHNCmmNH1s_000680200,v3/faces/id0030/German/VIHNCmmNH1s/000680200.jpg,id0030
v3_faces_id0055_German_DM3pI__Ipcc_000300075,v3/faces/id0055/German/DM3pI__Ipcc/000300075.jpg,id0055
v3_faces_id0010_German_MxiOjLkQ-98_000530025,v3/faces/id0010/German/MxiOjLkQ-98/000530025.jpg,id0010
v3_faces_id0041_German_dzdj2DxHqwY_000230300,v3/faces/id0041/German/dzdj2DxHqwY/000230300.jpg,id0041
v3_faces_id0044_German_C-3jFBE5IR8_000041225,v3/faces/id0044/German/C-3jFBE5IR8/000041225.jpg,id0044
v3_faces_id0012_German__jyAzohq6Qg_000010200,v3/faces/id0012/German/_jyAzohq6Qg/000010200.jpg,id0012
v3_faces_id0028_German_eogFUuT25f4_000330050,v3/faces/id0028/German/eogFUuT25f4/000330050.jpg,id0028
v3_faces_id0022_German_leLXJ5heYXg_000070025,v3/faces/id0022/German/leLXJ5heYXg/000070025.jpg,id0022
v3_faces_id0002_German_B62xVmSfm-0_000090150,v3/faces/id0002/German/B62xVmSfm-0/000090150.jpg,id0002
v3_faces_id0016_German_7BrV3ztO9mw_000030175,v3/faces/id0016/German/7BrV3ztO9mw/000030175.jpg,id0016
v3_faces_id0027_German_IMTOrqs7Inw_000020325,v3/faces/id0027/German/IMTOrqs7Inw/000020325.jpg,id0027
v3_faces_id0055_German_Kp2Knao6Qu8_000200200,v3/faces/id0055/German/Kp2Knao6Qu8/000200200.jpg,id0055
v3_faces_id0012_German__jyAzohq6Qg_000160250,v3/faces/id0012/German/_jyAzohq6Qg/000160250.jpg,id0012
v3_faces_id0004_German_HR-NUPX26H0_000010300,v3/faces/id0004/German/HR-NUPX26H0/000010300.jpg,id0004
v3_faces_id0028_German_eogFUuT25f4_000210425,v3/faces/id0028/German/eogFUuT25f4/000210425.jpg,id0028
v3_faces_id0018_German_Cp56Q0Yijr4_000230375,v3/faces/id0018/German/Cp56Q0Yijr4/000230375.jpg,id0018
v3_faces_id0030_German_VIHNCmmNH1s_000820075,v3/faces/id0030/German/VIHNCmmNH1s/000820075.jpg,id0030
v3_faces_id0001_German_OmqPjkYoqRo_000180100,v3/faces/id0001/German/OmqPjkYoqRo/000180100.jpg,id0001
v3_faces_id0001_German_O14Izflu0ac_000050150,v3/faces/id0001/German/O14Izflu0ac/000050150.jpg,id0001
v3_faces_id0041_German_zLCoM3KRn7w_000090275,v3/faces/id0041/German/zLCoM3KRn7w/000090275.jpg,id0041
v3_faces_id0044_German_XmZU2xgo9VY_000060025,v3/faces/id0044/German/XmZU2xgo9VY/000060025.jpg,id0044
v3_faces_id0030_German_VIHNCmmNH1s_000680250,v3/faces/id0030/German/VIHNCmmNH1s/000680250.jpg,id0030
v3_faces_id0047_German_vj1RBrk3RXo_000040150,v3/faces/id0047/German/vj1RBrk3RXo/000040150.jpg,id0047
v3_faces_id0057_German_D5rBHljMhhU_000070150,v3/faces/id0057/German/D5rBHljMhhU/000070150.jpg,id0057
v3_faces_id0057_German_JxUanx41Las_000030050,v3/faces/id0057/German/JxUanx41Las/000030050.jpg,id0057
v3_faces_id0012_German_3mD2MzHMVP0_000060025,v3/faces/id0012/German/3mD2MzHMVP0/000060025.jpg,id0012
v3_faces_id0041_German__z4ZcI9_zIo_000030250,v3/faces/id0041/German/_z4ZcI9_zIo/000030250.jpg,id0041
v3_faces_id0028_German_eogFUuT25f4_000370400,v3/faces/id0028/German/eogFUuT25f4/000370400.jpg,id0028
v3_faces_id0001_German_OmqPjkYoqRo_000010025,v3/faces/id0001/German/OmqPjkYoqRo/000010025.jpg,id0001
v3_faces_id0057_German_Zo-zH4oduic_000430275,v3/faces/id0057/German/Zo-zH4oduic/000430275.jpg,id0057
v3_faces_id0057_German_sZjqF8Itz5I_000310100,v3/faces/id0057/German/sZjqF8Itz5I/000310100.jpg,id0057
v3_faces_id0022_German_leLXJ5heYXg_000070175,v3/faces/id0022/German/leLXJ5heYXg/000070175.jpg,id0022
v3_faces_id0020_German_-bhDAECe3FI_000270350,v3/faces/id0020/German/-bhDAECe3FI/000270350.jpg,id0020
v3_faces_id0022_German_leLXJ5heYXg_000062250,v3/faces/id0022/German/leLXJ5heYXg/000062250.jpg,id0022
v3_faces_id0055_German_L7vg0F3NQiU_000230075,v3/faces/id0055/German/L7vg0F3NQiU/000230075.jpg,id0055
v3_faces_id0010_German_MxiOjLkQ-98_000180375,v3/faces/id0010/German/MxiOjLkQ-98/000180375.jpg,id0010
v3_faces_id0032_German_CwhU5o8eoKE_000050025,v3/faces/id0032/German/CwhU5o8eoKE/000050025.jpg,id0032
v3_faces_id0010_German_MxiOjLkQ-98_000430325,v3/faces/id0010/German/MxiOjLkQ-98/000430325.jpg,id0010
v3_faces_id0046_German_DkbEyCAV-wk_000130325,v3/faces/id0046/German/DkbEyCAV-wk/000130325.jpg,id0046
v3_faces_id0055_German_DM3pI__Ipcc_000220225,v3/faces/id0055/German/DM3pI__Ipcc/000220225.jpg,id0055
v3_faces_id0056_German_puhVKfWcHcs_000061025,v3/faces/id0056/German/puhVKfWcHcs/000061025.jpg,id0056
v3_faces_id0038_German_DKdY6ld_lJI_000010100,v3/faces/id0038/German/DKdY6ld_lJI/000010100.jpg,id0038
v3_faces_id0041_German_dzdj2DxHqwY_000040275,v3/faces/id0041/German/dzdj2DxHqwY/000040275.jpg,id0041
v3_faces_id0057_German_sZjqF8Itz5I_000250050,v3/faces/id0057/German/sZjqF8Itz5I/000250050.jpg,id0057
v3_faces_id0001_German_OmqPjkYoqRo_000340075,v3/faces/id0001/German/OmqPjkYoqRo/000340075.jpg,id0001
v3_faces_id0047_German_vj1RBrk3RXo_000000225,v3/faces/id0047/German/vj1RBrk3RXo/000000225.jpg,id0047
v3_faces_id0022_German_9Qi5kevt5L4_000100100,v3/faces/id0022/German/9Qi5kevt5L4/000100100.jpg,id0022
v3_faces_id0030_German_VIHNCmmNH1s_000850175,v3/faces/id0030/German/VIHNCmmNH1s/000850175.jpg,id0030
v3_faces_id0041_German_zLCoM3KRn7w_000090250,v3/faces/id0041/German/zLCoM3KRn7w/000090250.jpg,id0041
v3_faces_id0030_German_VIHNCmmNH1s_000060325,v3/faces/id0030/German/VIHNCmmNH1s/000060325.jpg,id0030
v3_faces_id0047_German_yIxQbCEXK9s_000040075,v3/faces/id0047/German/yIxQbCEXK9s/000040075.jpg,id0047
v3_faces_id0055_German_DM3pI__Ipcc_000240150,v3/faces/id0055/German/DM3pI__Ipcc/000240150.jpg,id0055
v3_faces_id0055_German_DM3pI__Ipcc_000090050,v3/faces/id0055/German/DM3pI__Ipcc/000090050.jpg,id0055
v3_faces_id0055_German_L7vg0F3NQiU_000160400,v3/faces/id0055/German/L7vg0F3NQiU/000160400.jpg,id0055
v3_faces_id0056_German_0sMoUCzqj1Q_000060525,v3/faces/id0056/German/0sMoUCzqj1Q/000060525.jpg,id0056
v3_faces_id0028_German_DRnos20OlzY_000070100,v3/faces/id0028/German/DRnos20OlzY/000070100.jpg,id0028
v3_faces_id0057_German_sZjqF8Itz5I_000230300,v3/faces/id0057/German/sZjqF8Itz5I/000230300.jpg,id0057
v3_faces_id0057_German_Zo-zH4oduic_000590100,v3/faces/id0057/German/Zo-zH4oduic/000590100.jpg,id0057
v3_faces_id0057_German_sZjqF8Itz5I_000230250,v3/faces/id0057/German/sZjqF8Itz5I/000230250.jpg,id0057
v3_faces_id0016_German_dvpMWTzxPAc_000090975,v3/faces/id0016/German/dvpMWTzxPAc/000090975.jpg,id0016
v3_faces_id0022_German_9Qi5kevt5L4_000120125,v3/faces/id0022/German/9Qi5kevt5L4/000120125.jpg,id0022
v3_faces_id0057_German_Zo-zH4oduic_000260375,v3/faces/id0057/German/Zo-zH4oduic/000260375.jpg,id0057
v3_faces_id0001_German_OmqPjkYoqRo_000230175,v3/faces/id0001/German/OmqPjkYoqRo/000230175.jpg,id0001
v3_faces_id0012_German__jyAzohq6Qg_000160275,v3/faces/id0012/German/_jyAzohq6Qg/000160275.jpg,id0012
v3_faces_id0006_German_Q-VBiizGNq8_000400475,v3/faces/id0006/German/Q-VBiizGNq8/000400475.jpg,id0006
v3_faces_id0055_German_Kp2Knao6Qu8_000230050,v3/faces/id0055/German/Kp2Knao6Qu8/000230050.jpg,id0055
v3_faces_id0056_German_puhVKfWcHcs_001011250,v3/faces/id0056/German/puhVKfWcHcs/001011250.jpg,id0056
v3_faces_id0038_German_DKdY6ld_lJI_000120175,v3/faces/id0038/German/DKdY6ld_lJI/000120175.jpg,id0038
v3_faces_id0006_German_Q-VBiizGNq8_000680125,v3/faces/id0006/German/Q-VBiizGNq8/000680125.jpg,id0006
v3_faces_id0032_German_CwhU5o8eoKE_000030550,v3/faces/id0032/German/CwhU5o8eoKE/000030550.jpg,id0032
v3_faces_id0030_German_VIHNCmmNH1s_000810025,v3/faces/id0030/German/VIHNCmmNH1s/000810025.jpg,id0030
v3_faces_id0045_German_orxGzeyHuE0_000000100,v3/faces/id0045/German/orxGzeyHuE0/000000100.jpg,id0045
v3_faces_id0030_German_VIHNCmmNH1s_000230450,v3/faces/id0030/German/VIHNCmmNH1s/000230450.jpg,id0030
v3_faces_id0028_German_DRnos20OlzY_000000050,v3/faces/id0028/German/DRnos20OlzY/000000050.jpg,id0028
v3_faces_id0046_German_DkbEyCAV-wk_000200125,v3/faces/id0046/German/DkbEyCAV-wk/000200125.jpg,id0046
v3_faces_id0057_German_D5rBHljMhhU_000380250,v3/faces/id0057/German/D5rBHljMhhU/000380250.jpg,id0057
v3_faces_id0030_German_VIHNCmmNH1s_000950275,v3/faces/id0030/German/VIHNCmmNH1s/000950275.jpg,id0030
v3_faces_id0038_German_frPsr-bk23o_000030775,v3/faces/id0038/German/frPsr-bk23o/000030775.jpg,id0038
v3_faces_id0045_German_orxGzeyHuE0_000080100,v3/faces/id0045/German/orxGzeyHuE0/000080100.jpg,id0045
v3_faces_id0030_German_VIHNCmmNH1s_000810125,v3/faces/id0030/German/VIHNCmmNH1s/000810125.jpg,id0030
v3_faces_id0023_German_jYbpEskg0wE_000150325,v3/faces/id0023/German/jYbpEskg0wE/000150325.jpg,id0023
v3_faces_id0030_German_VIHNCmmNH1s_000750025,v3/faces/id0030/German/VIHNCmmNH1s/000750025.jpg,id0030
v3_faces_id0013_German_q9aCn9w1oJA_000070250,v3/faces/id0013/German/q9aCn9w1oJA/000070250.jpg,id0013
v3_faces_id0010_German_MxiOjLkQ-98_000130300,v3/faces/id0010/German/MxiOjLkQ-98/000130300.jpg,id0010
v3_faces_id0042_German_8VCOg4ELM_s_000090400,v3/faces/id0042/German/8VCOg4ELM_s/000090400.jpg,id0042
v3_faces_id0055_German_oucoU5tp0zw_000310150,v3/faces/id0055/German/oucoU5tp0zw/000310150.jpg,id0055
v3_faces_id0057_German_Zo-zH4oduic_000070175,v3/faces/id0057/German/Zo-zH4oduic/000070175.jpg,id0057
v3_faces_id0057_German_sZjqF8Itz5I_000260050,v3/faces/id0057/German/sZjqF8Itz5I/000260050.jpg,id0057
v3_faces_id0056_German_puhVKfWcHcs_000050750,v3/faces/id0056/German/puhVKfWcHcs/000050750.jpg,id0056
v3_faces_id0044_German_M4U9DcJd3Rc_000020025,v3/faces/id0044/German/M4U9DcJd3Rc/000020025.jpg,id0044
v3_faces_id0044_German_XmZU2xgo9VY_000200025,v3/faces/id0044/German/XmZU2xgo9VY/000200025.jpg,id0044
v3_faces_id0006_German_Q-VBiizGNq8_000450150,v3/faces/id0006/German/Q-VBiizGNq8/000450150.jpg,id0006
v3_faces_id0056_German_0sMoUCzqj1Q_000020325,v3/faces/id0056/German/0sMoUCzqj1Q/000020325.jpg,id0056
v3_faces_id0041_German_zLCoM3KRn7w_000030125,v3/faces/id0041/German/zLCoM3KRn7w/000030125.jpg,id0041
v3_faces_id0005_German_06hGUWazcSQ_000000525,v3/faces/id0005/German/06hGUWazcSQ/000000525.jpg,id0005
v3_faces_id0016_German_7BrV3ztO9mw_000160100,v3/faces/id0016/German/7BrV3ztO9mw/000160100.jpg,id0016
v3_faces_id0055_German_DM3pI__Ipcc_000230100,v3/faces/id0055/German/DM3pI__Ipcc/000230100.jpg,id0055
v3_faces_id0012_German__jyAzohq6Qg_000050175,v3/faces/id0012/German/_jyAzohq6Qg/000050175.jpg,id0012
v3_faces_id0016_German_4BEYh1O14Oc_000070075,v3/faces/id0016/German/4BEYh1O14Oc/000070075.jpg,id0016
v3_faces_id0044_German_XmZU2xgo9VY_000370025,v3/faces/id0044/German/XmZU2xgo9VY/000370025.jpg,id0044
v3_faces_id0057_German_D5rBHljMhhU_000000250,v3/faces/id0057/German/D5rBHljMhhU/000000250.jpg,id0057
v3_faces_id0055_German_DM3pI__Ipcc_000310025,v3/faces/id0055/German/DM3pI__Ipcc/000310025.jpg,id0055
v3_faces_id0006_German_Q-VBiizGNq8_000730125,v3/faces/id0006/German/Q-VBiizGNq8/000730125.jpg,id0006
v3_faces_id0016_German_4BEYh1O14Oc_000240050,v3/faces/id0016/German/4BEYh1O14Oc/000240050.jpg,id0016
v3_faces_id0045_German_orxGzeyHuE0_000000025,v3/faces/id0045/German/orxGzeyHuE0/000000025.jpg,id0045
v3_faces_id0020_German_-bhDAECe3FI_000320600,v3/faces/id0020/German/-bhDAECe3FI/000320600.jpg,id0020
v3_faces_id0030_German_VIHNCmmNH1s_000400125,v3/faces/id0030/German/VIHNCmmNH1s/000400125.jpg,id0030
v3_faces_id0006_German_Q-VBiizGNq8_000280075,v3/faces/id0006/German/Q-VBiizGNq8/000280075.jpg,id0006
v3_faces_id0028_German_eogFUuT25f4_000140550,v3/faces/id0028/German/eogFUuT25f4/000140550.jpg,id0028
v3_faces_id0057_German_Zo-zH4oduic_000570250,v3/faces/id0057/German/Zo-zH4oduic/000570250.jpg,id0057
v3_faces_id0036_German_37j06NKAB3c_000230150,v3/faces/id0036/German/37j06NKAB3c/000230150.jpg,id0036
v3_faces_id0022_German_leLXJ5heYXg_000061175,v3/faces/id0022/German/leLXJ5heYXg/000061175.jpg,id0022
v3_faces_id0022_German_ENdechAstZg_000020025,v3/faces/id0022/German/ENdechAstZg/000020025.jpg,id0022
v3_faces_id0013_German_SQulJxMHQPA_000120300,v3/faces/id0013/German/SQulJxMHQPA/000120300.jpg,id0013
v3_faces_id0057_German_JxUanx41Las_000030100,v3/faces/id0057/German/JxUanx41Las/000030100.jpg,id0057
v3_faces_id0013_German_zpmcvt4j--U_000040025,v3/faces/id0013/German/zpmcvt4j--U/000040025.jpg,id0013
v3_faces_id0006_German_Q-VBiizGNq8_000420250,v3/faces/id0006/German/Q-VBiizGNq8/000420250.jpg,id0006
v3_faces_id0001_German_OmqPjkYoqRo_000160075,v3/faces/id0001/German/OmqPjkYoqRo/000160075.jpg,id0001
v3_faces_id0030_German_VIHNCmmNH1s_000750325,v3/faces/id0030/German/VIHNCmmNH1s/000750325.jpg,id0030
v3_faces_id0043_German_8E4QdBhilgs_000040050,v3/faces/id0043/German/8E4QdBhilgs/000040050.jpg,id0043
v3_faces_id0012_German__jyAzohq6Qg_000140100,v3/faces/id0012/German/_jyAzohq6Qg/000140100.jpg,id0012
v3_faces_id0055_German_DM3pI__Ipcc_000120075,v3/faces/id0055/German/DM3pI__Ipcc/000120075.jpg,id0055
v3_faces_id0028_German_DRnos20OlzY_000030125,v3/faces/id0028/German/DRnos20OlzY/000030125.jpg,id0028
v3_faces_id0057_German_Zo-zH4oduic_000360075,v3/faces/id0057/German/Zo-zH4oduic/000360075.jpg,id0057
v3_faces_id0006_German_Q-VBiizGNq8_000430425,v3/faces/id0006/German/Q-VBiizGNq8/000430425.jpg,id0006
v3_faces_id0013_German_zpmcvt4j--U_000020075,v3/faces/id0013/German/zpmcvt4j--U/000020075.jpg,id0013
v3_faces_id0016_German_4BEYh1O14Oc_000220250,v3/faces/id0016/German/4BEYh1O14Oc/000220250.jpg,id0016
v3_faces_id0044_German_XmZU2xgo9VY_000070425,v3/faces/id0044/German/XmZU2xgo9VY/000070425.jpg,id0044
v3_faces_id0055_German_oucoU5tp0zw_000160025,v3/faces/id0055/German/oucoU5tp0zw/000160025.jpg,id0055
v3_faces_id0057_German_Zo-zH4oduic_000130125,v3/faces/id0057/German/Zo-zH4oduic/000130125.jpg,id0057
v3_faces_id0013_German_zpmcvt4j--U_000030025,v3/faces/id0013/German/zpmcvt4j--U/000030025.jpg,id0013
v3_faces_id0009_German_k4a9aqDW_dI_000190075,v3/faces/id0009/German/k4a9aqDW_dI/000190075.jpg,id0009
v3_faces_id0028_German_eogFUuT25f4_000160300,v3/faces/id0028/German/eogFUuT25f4/000160300.jpg,id0028
v3_faces_id0005_German_cHAEAKF2jzo_000070100,v3/faces/id0005/German/cHAEAKF2jzo/000070100.jpg,id0005
v3_faces_id0044_German_XmZU2xgo9VY_000070400,v3/faces/id0044/German/XmZU2xgo9VY/000070400.jpg,id0044
v3_faces_id0057_German_LxEE7IYHGAk_000051100,v3/faces/id0057/German/LxEE7IYHGAk/000051100.jpg,id0057
v3_faces_id0013_German_zpmcvt4j--U_000030125,v3/faces/id0013/German/zpmcvt4j--U/000030125.jpg,id0013
v3_faces_id0013_German_ZampFS4gy48_000020475,v3/faces/id0013/German/ZampFS4gy48/000020475.jpg,id0013
v3_faces_id0030_German_VIHNCmmNH1s_000480125,v3/faces/id0030/German/VIHNCmmNH1s/000480125.jpg,id0030
v3_faces_id0044_German_XmZU2xgo9VY_000350025,v3/faces/id0044/German/XmZU2xgo9VY/000350025.jpg,id0044
v3_faces_id0057_German_sZjqF8Itz5I_000260125,v3/faces/id0057/German/sZjqF8Itz5I/000260125.jpg,id0057
v3_faces_id0030_German_VIHNCmmNH1s_000060100,v3/faces/id0030/German/VIHNCmmNH1s/000060100.jpg,id0030
v3_faces_id0044_German_XmZU2xgo9VY_000210200,v3/faces/id0044/German/XmZU2xgo9VY/000210200.jpg,id0044
v3_faces_id0046_German_DkbEyCAV-wk_000230175,v3/faces/id0046/German/DkbEyCAV-wk/000230175.jpg,id0046
v3_faces_id0012_German_3mD2MzHMVP0_000060075,v3/faces/id0012/German/3mD2MzHMVP0/000060075.jpg,id0012
v3_faces_id0056_German_0sMoUCzqj1Q_000010025,v3/faces/id0056/German/0sMoUCzqj1Q/000010025.jpg,id0056
v3_faces_id0041_German_dzdj2DxHqwY_000341025,v3/faces/id0041/German/dzdj2DxHqwY/000341025.jpg,id0041
v3_faces_id0044_German_XmZU2xgo9VY_000080250,v3/faces/id0044/German/XmZU2xgo9VY/000080250.jpg,id0044
v3_faces_id0052_German_tHx1edLkXwU_000001575,v3/faces/id0052/German/tHx1edLkXwU/000001575.jpg,id0052
v3_faces_id0030_German_VIHNCmmNH1s_000200075,v3/faces/id0030/German/VIHNCmmNH1s/000200075.jpg,id0030
v3_faces_id0057_German_JxUanx41Las_000030125,v3/faces/id0057/German/JxUanx41Las/000030125.jpg,id0057
v3_faces_id0041_German_dzdj2DxHqwY_000400225,v3/faces/id0041/German/dzdj2DxHqwY/000400225.jpg,id0041
v3_faces_id0005_German_cHAEAKF2jzo_000130325,v3/faces/id0005/German/cHAEAKF2jzo/000130325.jpg,id0005
v3_faces_id0025_German_hAr6jHIqSGA_000090075,v3/faces/id0025/German/hAr6jHIqSGA/000090075.jpg,id0025
v3_faces_id0055_German_DM3pI__Ipcc_000270175,v3/faces/id0055/German/DM3pI__Ipcc/000270175.jpg,id0055
v3_faces_id0016_German_4BEYh1O14Oc_000180300,v3/faces/id0016/German/4BEYh1O14Oc/000180300.jpg,id0016
v3_faces_id0057_German_sZjqF8Itz5I_000260375,v3/faces/id0057/German/sZjqF8Itz5I/000260375.jpg,id0057
v3_faces_id0044_German_ECqGd_RzfDA_000280575,v3/faces/id0044/German/ECqGd_RzfDA/000280575.jpg,id0044
v3_faces_id0001_German_OmqPjkYoqRo_000330300,v3/faces/id0001/German/OmqPjkYoqRo/000330300.jpg,id0001
v3_faces_id0010_German_MxiOjLkQ-98_000430075,v3/faces/id0010/German/MxiOjLkQ-98/000430075.jpg,id0010
v3_faces_id0045_German_orxGzeyHuE0_000110025,v3/faces/id0045/German/orxGzeyHuE0/000110025.jpg,id0045
v3_faces_id0022_German_leLXJ5heYXg_000060775,v3/faces/id0022/German/leLXJ5heYXg/000060775.jpg,id0022
v3_faces_id0028_German_eogFUuT25f4_000040025,v3/faces/id0028/German/eogFUuT25f4/000040025.jpg,id0028
v3_faces_id0055_German_oucoU5tp0zw_000280300,v3/faces/id0055/German/oucoU5tp0zw/000280300.jpg,id0055
v3_faces_id0056_German_0sMoUCzqj1Q_000051450,v3/faces/id0056/German/0sMoUCzqj1Q/000051450.jpg,id0056
v3_faces_id0028_German_DRnos20OlzY_000000125,v3/faces/id0028/German/DRnos20OlzY/000000125.jpg,id0028
v3_faces_id0028_German_eogFUuT25f4_000010025,v3/faces/id0028/German/eogFUuT25f4/000010025.jpg,id0028
v3_faces_id0055_German_DM3pI__Ipcc_000240025,v3/faces/id0055/German/DM3pI__Ipcc/000240025.jpg,id0055
v3_faces_id0057_German_Zo-zH4oduic_000270150,v3/faces/id0057/German/Zo-zH4oduic/000270150.jpg,id0057
v3_faces_id0028_German_DRnos20OlzY_000070175,v3/faces/id0028/German/DRnos20OlzY/000070175.jpg,id0028
v3_faces_id0038_German_frPsr-bk23o_000030350,v3/faces/id0038/German/frPsr-bk23o/000030350.jpg,id0038
v3_faces_id0001_German_OmqPjkYoqRo_000250175,v3/faces/id0001/German/OmqPjkYoqRo/000250175.jpg,id0001
v3_faces_id0041_German_dzdj2DxHqwY_000050125,v3/faces/id0041/German/dzdj2DxHqwY/000050125.jpg,id0041
v3_faces_id0013_German_ex8WF8z3vq8_000100475,v3/faces/id0013/German/ex8WF8z3vq8/000100475.jpg,id0013
v3_faces_id0057_German_Zo-zH4oduic_000270225,v3/faces/id0057/German/Zo-zH4oduic/000270225.jpg,id0057
v3_faces_id0009_German_k4a9aqDW_dI_000050025,v3/faces/id0009/German/k4a9aqDW_dI/000050025.jpg,id0009
v3_faces_id0043_German_AljbaZimb9I_000010375,v3/faces/id0043/German/AljbaZimb9I/000010375.jpg,id0043
v3_faces_id0055_German_DM3pI__Ipcc_000230025,v3/faces/id0055/German/DM3pI__Ipcc/000230025.jpg,id0055
v3_faces_id0057_German_uxRc50q-UaE_000050025,v3/faces/id0057/German/uxRc50q-UaE/000050025.jpg,id0057
v3_faces_id0041_German__z4ZcI9_zIo_000040300,v3/faces/id0041/German/_z4ZcI9_zIo/000040300.jpg,id0041
v3_faces_id0055_German_DM3pI__Ipcc_000170150,v3/faces/id0055/German/DM3pI__Ipcc/000170150.jpg,id0055
v3_faces_id0008_German_iFBUYgv1WeA_000000550,v3/faces/id0008/German/iFBUYgv1WeA/000000550.jpg,id0008
v3_faces_id0001_German_O14Izflu0ac_000000125,v3/faces/id0001/German/O14Izflu0ac/000000125.jpg,id0001
v3_faces_id0020_German_-bhDAECe3FI_000270300,v3/faces/id0020/German/-bhDAECe3FI/000270300.jpg,id0020
v3_faces_id0055_German_DM3pI__Ipcc_000150050,v3/faces/id0055/German/DM3pI__Ipcc/000150050.jpg,id0055
v3_faces_id0044_German_C-3jFBE5IR8_000000625,v3/faces/id0044/German/C-3jFBE5IR8/000000625.jpg,id0044
v3_faces_id0052_German_tHx1edLkXwU_000121925,v3/faces/id0052/German/tHx1edLkXwU/000121925.jpg,id0052
v3_faces_id0020_German_-bhDAECe3FI_000510175,v3/faces/id0020/German/-bhDAECe3FI/000510175.jpg,id0020
v3_faces_id0046_German_DkbEyCAV-wk_000450200,v3/faces/id0046/German/DkbEyCAV-wk/000450200.jpg,id0046
v3_faces_id0030_German_VIHNCmmNH1s_000890200,v3/faces/id0030/German/VIHNCmmNH1s/000890200.jpg,id0030
v3_faces_id0057_German_D5rBHljMhhU_000140075,v3/faces/id0057/German/D5rBHljMhhU/000140075.jpg,id0057
v3_faces_id0055_German_Kp2Knao6Qu8_000040025,v3/faces/id0055/German/Kp2Knao6Qu8/000040025.jpg,id0055
v3_faces_id0057_German_D5rBHljMhhU_000370250,v3/faces/id0057/German/D5rBHljMhhU/000370250.jpg,id0057
v3_faces_id0044_German_XmZU2xgo9VY_000320050,v3/faces/id0044/German/XmZU2xgo9VY/000320050.jpg,id0044
v3_faces_id0030_German_VIHNCmmNH1s_000150075,v3/faces/id0030/German/VIHNCmmNH1s/000150075.jpg,id0030
v3_faces_id0041_German_dzdj2DxHqwY_000570025,v3/faces/id0041/German/dzdj2DxHqwY/000570025.jpg,id0041
v3_faces_id0057_German_Zo-zH4oduic_000220425,v3/faces/id0057/German/Zo-zH4oduic/000220425.jpg,id0057
v3_faces_id0030_German_VIHNCmmNH1s_000310325,v3/faces/id0030/German/VIHNCmmNH1s/000310325.jpg,id0030
v3_faces_id0020_German_-bhDAECe3FI_000440175,v3/faces/id0020/German/-bhDAECe3FI/000440175.jpg,id0020
v3_faces_id0028_German_DRnos20OlzY_000040075,v3/faces/id0028/German/DRnos20OlzY/000040075.jpg,id0028
v3_faces_id0056_German_puhVKfWcHcs_001010400,v3/faces/id0056/German/puhVKfWcHcs/001010400.jpg,id0056
v3_faces_id0006_German_Q-VBiizGNq8_000300275,v3/faces/id0006/German/Q-VBiizGNq8/000300275.jpg,id0006
v3_faces_id0057_German_sZjqF8Itz5I_000210050,v3/faces/id0057/German/sZjqF8Itz5I/000210050.jpg,id0057
v3_faces_id0005_German_cHAEAKF2jzo_000070175,v3/faces/id0005/German/cHAEAKF2jzo/000070175.jpg,id0005
v3_faces_id0057_German_LxEE7IYHGAk_000010950,v3/faces/id0057/German/LxEE7IYHGAk/000010950.jpg,id0057
v3_faces_id0057_German_sZjqF8Itz5I_000340175,v3/faces/id0057/German/sZjqF8Itz5I/000340175.jpg,id0057
v3_faces_id0018_German_IACquCI-U50_000020100,v3/faces/id0018/German/IACquCI-U50/000020100.jpg,id0018
v3_faces_id0013_German_SQulJxMHQPA_000140325,v3/faces/id0013/German/SQulJxMHQPA/000140325.jpg,id0013
v3_faces_id0045_German_orxGzeyHuE0_000310075,v3/faces/id0045/German/orxGzeyHuE0/000310075.jpg,id0045
v3_faces_id0057_German_LxEE7IYHGAk_000030050,v3/faces/id0057/German/LxEE7IYHGAk/000030050.jpg,id0057
v3_faces_id0028_German_eogFUuT25f4_000270125,v3/faces/id0028/German/eogFUuT25f4/000270125.jpg,id0028
v3_faces_id0052_German_tHx1edLkXwU_000120650,v3/faces/id0052/German/tHx1edLkXwU/000120650.jpg,id0052
v3_faces_id0016_German_4BEYh1O14Oc_000240125,v3/faces/id0016/German/4BEYh1O14Oc/000240125.jpg,id0016
v3_faces_id0010_German_MxiOjLkQ-98_000560175,v3/faces/id0010/German/MxiOjLkQ-98/000560175.jpg,id0010
v3_faces_id0016_German_dvpMWTzxPAc_000231000,v3/faces/id0016/German/dvpMWTzxPAc/000231000.jpg,id0016
v3_faces_id0013_German_X1QvJBgwA44_000010050,v3/faces/id0013/German/X1QvJBgwA44/000010050.jpg,id0013
v3_faces_id0023_German_jYbpEskg0wE_000040125,v3/faces/id0023/German/jYbpEskg0wE/000040125.jpg,id0023
v3_faces_id0042_German_8VCOg4ELM_s_000051825,v3/faces/id0042/German/8VCOg4ELM_s/000051825.jpg,id0042
v3_faces_id0010_German_MxiOjLkQ-98_000180325,v3/faces/id0010/German/MxiOjLkQ-98/000180325.jpg,id0010
v3_faces_id0055_German_DM3pI__Ipcc_000300050,v3/faces/id0055/German/DM3pI__Ipcc/000300050.jpg,id0055
v3_faces_id0032_German_CwhU5o8eoKE_000010075,v3/faces/id0032/German/CwhU5o8eoKE/000010075.jpg,id0032
v3_faces_id0045_German_orxGzeyHuE0_000330200,v3/faces/id0045/German/orxGzeyHuE0/000330200.jpg,id0045
v3_faces_id0042_German_2WRiRAX17gg_000030150,v3/faces/id0042/German/2WRiRAX17gg/000030150.jpg,id0042
v3_faces_id0013_German_ex8WF8z3vq8_000000125,v3/faces/id0013/German/ex8WF8z3vq8/000000125.jpg,id0013
v3_faces_id0010_German_MxiOjLkQ-98_000510125,v3/faces/id0010/German/MxiOjLkQ-98/000510125.jpg,id0010
v3_faces_id0043_German_AljbaZimb9I_000050500,v3/faces/id0043/German/AljbaZimb9I/000050500.jpg,id0043
v3_faces_id0001_German_OmqPjkYoqRo_000310075,v3/faces/id0001/German/OmqPjkYoqRo/000310075.jpg,id0001
v3_faces_id0052_German_tHx1edLkXwU_000091100,v3/faces/id0052/German/tHx1edLkXwU/000091100.jpg,id0052
v3_faces_id0006_German_CG88veC-vDs_000100175,v3/faces/id0006/German/CG88veC-vDs/000100175.jpg,id0006
v3_faces_id0055_German_oucoU5tp0zw_000280050,v3/faces/id0055/German/oucoU5tp0zw/000280050.jpg,id0055
v3_faces_id0057_German_uxRc50q-UaE_000030125,v3/faces/id0057/German/uxRc50q-UaE/000030125.jpg,id0057
v3_faces_id0016_German_7BrV3ztO9mw_000010050,v3/faces/id0016/German/7BrV3ztO9mw/000010050.jpg,id0016
v3_faces_id0018_German_Cp56Q0Yijr4_000590300,v3/faces/id0018/German/Cp56Q0Yijr4/000590300.jpg,id0018
v3_faces_id0057_German_D5rBHljMhhU_000090125,v3/faces/id0057/German/D5rBHljMhhU/000090125.jpg,id0057
v3_faces_id0048_German_1pzw0Ygg9AE_000040175,v3/faces/id0048/German/1pzw0Ygg9AE/000040175.jpg,id0048
v3_faces_id0041_German_zLCoM3KRn7w_000090500,v3/faces/id0041/German/zLCoM3KRn7w/000090500.jpg,id0041
v3_faces_id0012_German__jyAzohq6Qg_000230075,v3/faces/id0012/German/_jyAzohq6Qg/000230075.jpg,id0012
v3_faces_id0041_German_zLCoM3KRn7w_000230075,v3/faces/id0041/German/zLCoM3KRn7w/000230075.jpg,id0041
v3_faces_id0010_German_MxiOjLkQ-98_000180250,v3/faces/id0010/German/MxiOjLkQ-98/000180250.jpg,id0010
v3_faces_id0020_German_-bhDAECe3FI_000100225,v3/faces/id0020/German/-bhDAECe3FI/000100225.jpg,id0020
v3_faces_id0044_German_M4U9DcJd3Rc_000020250,v3/faces/id0044/German/M4U9DcJd3Rc/000020250.jpg,id0044
v3_faces_id0016_German_4BEYh1O14Oc_000220950,v3/faces/id0016/German/4BEYh1O14Oc/000220950.jpg,id0016
v3_faces_id0006_German_CG88veC-vDs_000100775,v3/faces/id0006/German/CG88veC-vDs/000100775.jpg,id0006
v3_faces_id0044_German_XmZU2xgo9VY_000190175,v3/faces/id0044/German/XmZU2xgo9VY/000190175.jpg,id0044
v3_faces_id0013_German_ex8WF8z3vq8_000042500,v3/faces/id0013/German/ex8WF8z3vq8/000042500.jpg,id0013
v3_faces_id0057_German_qNYOrfJES6Q_000020150,v3/faces/id0057/German/qNYOrfJES6Q/000020150.jpg,id0057
v3_faces_id0046_German_DkbEyCAV-wk_000490050,v3/faces/id0046/German/DkbEyCAV-wk/000490050.jpg,id0046
v3_faces_id0055_German_DM3pI__Ipcc_000170050,v3/faces/id0055/German/DM3pI__Ipcc/000170050.jpg,id0055
v3_faces_id0023_German_yW1PTXpW0JA_000560100,v3/faces/id0023/German/yW1PTXpW0JA/000560100.jpg,id0023
v3_faces_id0012_German__jyAzohq6Qg_000100350,v3/faces/id0012/German/_jyAzohq6Qg/000100350.jpg,id0012
v3_faces_id0001_German_O14Izflu0ac_000020150,v3/faces/id0001/German/O14Izflu0ac/000020150.jpg,id0001
v3_faces_id0030_German_VIHNCmmNH1s_000820025,v3/faces/id0030/German/VIHNCmmNH1s/000820025.jpg,id0030
v3_faces_id0044_German_XmZU2xgo9VY_000100125,v3/faces/id0044/German/XmZU2xgo9VY/000100125.jpg,id0044
v3_faces_id0016_German_7BrV3ztO9mw_000070025,v3/faces/id0016/German/7BrV3ztO9mw/000070025.jpg,id0016
v3_faces_id0030_German_VIHNCmmNH1s_000750250,v3/faces/id0030/German/VIHNCmmNH1s/000750250.jpg,id0030
v3_faces_id0030_German_VIHNCmmNH1s_000310075,v3/faces/id0030/German/VIHNCmmNH1s/000310075.jpg,id0030
v3_faces_id0055_German_L7vg0F3NQiU_000230325,v3/faces/id0055/German/L7vg0F3NQiU/000230325.jpg,id0055
v3_faces_id0012_German_hHziM7QOly4_000010025,v3/faces/id0012/German/hHziM7QOly4/000010025.jpg,id0012
v3_faces_id0057_German_Zo-zH4oduic_000040100,v3/faces/id0057/German/Zo-zH4oduic/000040100.jpg,id0057
v3_faces_id0030_German_VIHNCmmNH1s_000060400,v3/faces/id0030/German/VIHNCmmNH1s/000060400.jpg,id0030
v3_faces_id0001_German_QLynKZ222Ic_000002575,v3/faces/id0001/German/QLynKZ222Ic/000002575.jpg,id0001
v3_faces_id0057_German_D5rBHljMhhU_000380275,v3/faces/id0057/German/D5rBHljMhhU/000380275.jpg,id0057
v3_faces_id0004_German_HR-NUPX26H0_000000225,v3/faces/id0004/German/HR-NUPX26H0/000000225.jpg,id0004
v3_faces_id0055_German_Kp2Knao6Qu8_000230100,v3/faces/id0055/German/Kp2Knao6Qu8/000230100.jpg,id0055
v3_faces_id0009_German_k4a9aqDW_dI_000240275,v3/faces/id0009/German/k4a9aqDW_dI/000240275.jpg,id0009
v3_faces_id0012_German__jyAzohq6Qg_000010075,v3/faces/id0012/German/_jyAzohq6Qg/000010075.jpg,id0012
v3_faces_id0047_German_vj1RBrk3RXo_000000275,v3/faces/id0047/German/vj1RBrk3RXo/000000275.jpg,id0047
v3_faces_id0057_German_sZjqF8Itz5I_000200075,v3/faces/id0057/German/sZjqF8Itz5I/000200075.jpg,id0057
v3_faces_id0016_German_7BrV3ztO9mw_000100025,v3/faces/id0016/German/7BrV3ztO9mw/000100025.jpg,id0016
v3_faces_id0011_German_LBvJPivToac_000010100,v3/faces/id0011/German/LBvJPivToac/000010100.jpg,id0011
v3_faces_id0057_German_D5rBHljMhhU_000380375,v3/faces/id0057/German/D5rBHljMhhU/000380375.jpg,id0057
v3_faces_id0041_German_dzdj2DxHqwY_000050025,v3/faces/id0041/German/dzdj2DxHqwY/000050025.jpg,id0041
v3_faces_id0028_German_eogFUuT25f4_000150625,v3/faces/id0028/German/eogFUuT25f4/000150625.jpg,id0028
v3_faces_id0041_German_dzdj2DxHqwY_000340850,v3/faces/id0041/German/dzdj2DxHqwY/000340850.jpg,id0041
v3_faces_id0010_German_MxiOjLkQ-98_000360125,v3/faces/id0010/German/MxiOjLkQ-98/000360125.jpg,id0010
v3_faces_id0055_German_DM3pI__Ipcc_000130200,v3/faces/id0055/German/DM3pI__Ipcc/000130200.jpg,id0055
v3_faces_id0001_German_OmqPjkYoqRo_000200200,v3/faces/id0001/German/OmqPjkYoqRo/000200200.jpg,id0001
v3_faces_id0046_German_DkbEyCAV-wk_000410300,v3/faces/id0046/German/DkbEyCAV-wk/000410300.jpg,id0046
v3_faces_id0055_German_DM3pI__Ipcc_000250025,v3/faces/id0055/German/DM3pI__Ipcc/000250025.jpg,id0055
v3_faces_id0038_German_DKdY6ld_lJI_000070225,v3/faces/id0038/German/DKdY6ld_lJI/000070225.jpg,id0038
v3_faces_id0055_German_L7vg0F3NQiU_000050175,v3/faces/id0055/German/L7vg0F3NQiU/000050175.jpg,id0055
v3_faces_id0030_German_VIHNCmmNH1s_000850400,v3/faces/id0030/German/VIHNCmmNH1s/000850400.jpg,id0030
v3_faces_id0018_German_Cp56Q0Yijr4_000230250,v3/faces/id0018/German/Cp56Q0Yijr4/000230250.jpg,id0018
v3_faces_id0043_German_AljbaZimb9I_000030625,v3/faces/id0043/German/AljbaZimb9I/000030625.jpg,id0043
v3_faces_id0030_German_VIHNCmmNH1s_000430025,v3/faces/id0030/German/VIHNCmmNH1s/000430025.jpg,id0030
v3_faces_id0055_German_DM3pI__Ipcc_000150025,v3/faces/id0055/German/DM3pI__Ipcc/000150025.jpg,id0055
v3_faces_id0002_German_B62xVmSfm-0_000090200,v3/faces/id0002/German/B62xVmSfm-0/000090200.jpg,id0002
v3_faces_id0044_German_XmZU2xgo9VY_000400200,v3/faces/id0044/German/XmZU2xgo9VY/000400200.jpg,id0044
v3_faces_id0055_German_DM3pI__Ipcc_000200025,v3/faces/id0055/German/DM3pI__Ipcc/000200025.jpg,id0055
v3_faces_id0028_German_eogFUuT25f4_000280025,v3/faces/id0028/German/eogFUuT25f4/000280025.jpg,id0028
v3_faces_id0030_German_VIHNCmmNH1s_000110375,v3/faces/id0030/German/VIHNCmmNH1s/000110375.jpg,id0030
v3_faces_id0055_German_L7vg0F3NQiU_000160175,v3/faces/id0055/German/L7vg0F3NQiU/000160175.jpg,id0055
v3_faces_id0016_German_K8S0k0wdyx0_000001325,v3/faces/id0016/German/K8S0k0wdyx0/000001325.jpg,id0016
v3_faces_id0028_German_eogFUuT25f4_000380650,v3/faces/id0028/German/eogFUuT25f4/000380650.jpg,id0028
v3_faces_id0006_German_Q-VBiizGNq8_000420275,v3/faces/id0006/German/Q-VBiizGNq8/000420275.jpg,id0006
v3_faces_id0041_German_dzdj2DxHqwY_000060175,v3/faces/id0041/German/dzdj2DxHqwY/000060175.jpg,id0041
v3_faces_id0046_German_DkbEyCAV-wk_000490325,v3/faces/id0046/German/DkbEyCAV-wk/000490325.jpg,id0046
v3_faces_id0010_German_MxiOjLkQ-98_000540400,v3/faces/id0010/German/MxiOjLkQ-98/000540400.jpg,id0010
v3_faces_id0048_German_1pzw0Ygg9AE_000040225,v3/faces/id0048/German/1pzw0Ygg9AE/000040225.jpg,id0048
v3_faces_id0001_German_OmqPjkYoqRo_000050250,v3/faces/id0001/German/OmqPjkYoqRo/000050250.jpg,id0001
v3_faces_id0012_German__jyAzohq6Qg_000050125,v3/faces/id0012/German/_jyAzohq6Qg/000050125.jpg,id0012
v3_faces_id0044_German_XmZU2xgo9VY_000130225,v3/faces/id0044/German/XmZU2xgo9VY/000130225.jpg,id0044
v3_faces_id0041_German_dzdj2DxHqwY_000560725,v3/faces/id0041/German/dzdj2DxHqwY/000560725.jpg,id0041
v3_faces_id0023_German_jYbpEskg0wE_000130025,v3/faces/id0023/German/jYbpEskg0wE/000130025.jpg,id0023
v3_faces_id0028_German_eogFUuT25f4_000210375,v3/faces/id0028/German/eogFUuT25f4/000210375.jpg,id0028
v3_faces_id0018_German_IACquCI-U50_000030475,v3/faces/id0018/German/IACquCI-U50/000030475.jpg,id0018
v3_faces_id0016_German_4BEYh1O14Oc_000140225,v3/faces/id0016/German/4BEYh1O14Oc/000140225.jpg,id0016
v3_faces_id0005_German_cHAEAKF2jzo_000050050,v3/faces/id0005/German/cHAEAKF2jzo/000050050.jpg,id0005
v3_faces_id0010_German_MxiOjLkQ-98_000430100,v3/faces/id0010/German/MxiOjLkQ-98/000430100.jpg,id0010
v3_faces_id0041_German_dzdj2DxHqwY_000560600,v3/faces/id0041/German/dzdj2DxHqwY/000560600.jpg,id0041
v3_faces_id0010_German_MxiOjLkQ-98_000560200,v3/faces/id0010/German/MxiOjLkQ-98/000560200.jpg,id0010
v3_faces_id0001_German_OmqPjkYoqRo_000330700,v3/faces/id0001/German/OmqPjkYoqRo/000330700.jpg,id0001
v3_faces_id0056_German_puhVKfWcHcs_000060900,v3/faces/id0056/German/puhVKfWcHcs/000060900.jpg,id0056
v3_faces_id0020_German_-bhDAECe3FI_000270625,v3/faces/id0020/German/-bhDAECe3FI/000270625.jpg,id0020
v3_faces_id0053_German_TmRFMHLSAXc_000030150,v3/faces/id0053/German/TmRFMHLSAXc/000030150.jpg,id0053
v3_faces_id0044_German_ECqGd_RzfDA_000220050,v3/faces/id0044/German/ECqGd_RzfDA/000220050.jpg,id0044
v3_faces_id0016_German_dvpMWTzxPAc_000190025,v3/faces/id0016/German/dvpMWTzxPAc/000190025.jpg,id0016
v3_faces_id0028_German_eogFUuT25f4_000400125,v3/faces/id0028/German/eogFUuT25f4/000400125.jpg,id0028
v3_faces_id0010_German_MxiOjLkQ-98_000360025,v3/faces/id0010/German/MxiOjLkQ-98/000360025.jpg,id0010
v3_faces_id0055_German_oucoU5tp0zw_000280550,v3/faces/id0055/German/oucoU5tp0zw/000280550.jpg,id0055
v3_faces_id0012_German__jyAzohq6Qg_000160300,v3/faces/id0012/German/_jyAzohq6Qg/000160300.jpg,id0012
v3_faces_id0006_German_Q-VBiizGNq8_000650500,v3/faces/id0006/German/Q-VBiizGNq8/000650500.jpg,id0006
v3_faces_id0057_German_D5rBHljMhhU_000390600,v3/faces/id0057/German/D5rBHljMhhU/000390600.jpg,id0057
v3_faces_id0012_German_hHziM7QOly4_000040225,v3/faces/id0012/German/hHziM7QOly4/000040225.jpg,id0012
v3_faces_id0004_German_HR-NUPX26H0_000010175,v3/faces/id0004/German/HR-NUPX26H0/000010175.jpg,id0004
v3_faces_id0043_German_8E4QdBhilgs_000000250,v3/faces/id0043/German/8E4QdBhilgs/000000250.jpg,id0043
v3_faces_id0001_German_O51EXXy8QOQ_000050050,v3/faces/id0001/German/O51EXXy8QOQ/000050050.jpg,id0001
v3_faces_id0057_German_LxEE7IYHGAk_000020850,v3/faces/id0057/German/LxEE7IYHGAk/000020850.jpg,id0057
v3_faces_id0052_German_tHx1edLkXwU_000101475,v3/faces/id0052/German/tHx1edLkXwU/000101475.jpg,id0052
v3_faces_id0055_German_oucoU5tp0zw_000060250,v3/faces/id0055/German/oucoU5tp0zw/000060250.jpg,id0055
v3_faces_id0038_German_DKdY6ld_lJI_000110025,v3/faces/id0038/German/DKdY6ld_lJI/000110025.jpg,id0038
v3_faces_id0016_German_7BrV3ztO9mw_000070125,v3/faces/id0016/German/7BrV3ztO9mw/000070125.jpg,id0016
v3_faces_id0028_German_eogFUuT25f4_000200125,v3/faces/id0028/German/eogFUuT25f4/000200125.jpg,id0028
v3_faces_id0010_German_MxiOjLkQ-98_000340225,v3/faces/id0010/German/MxiOjLkQ-98/000340225.jpg,id0010
v3_faces_id0055_German_oucoU5tp0zw_000130175,v3/faces/id0055/German/oucoU5tp0zw/000130175.jpg,id0055
v3_faces_id0044_German_XmZU2xgo9VY_000210125,v3/faces/id0044/German/XmZU2xgo9VY/000210125.jpg,id0044
v3_faces_id0055_German_oucoU5tp0zw_000020075,v3/faces/id0055/German/oucoU5tp0zw/000020075.jpg,id0055
v3_faces_id0010_German_MxiOjLkQ-98_000370350,v3/faces/id0010/German/MxiOjLkQ-98/000370350.jpg,id0010
v3_faces_id0057_German_uxRc50q-UaE_000020125,v3/faces/id0057/German/uxRc50q-UaE/000020125.jpg,id0057
v3_faces_id0057_German_Zo-zH4oduic_000190250,v3/faces/id0057/German/Zo-zH4oduic/000190250.jpg,id0057
v3_faces_id0028_German_eogFUuT25f4_000270075,v3/faces/id0028/German/eogFUuT25f4/000270075.jpg,id0028
v3_faces_id0028_German_eogFUuT25f4_000160100,v3/faces/id0028/German/eogFUuT25f4/000160100.jpg,id0028
v3_faces_id0009_German_k4a9aqDW_dI_000060100,v3/faces/id0009/German/k4a9aqDW_dI/000060100.jpg,id0009
v3_faces_id0055_German_oucoU5tp0zw_000210050,v3/faces/id0055/German/oucoU5tp0zw/000210050.jpg,id0055
v3_faces_id0038_German_frPsr-bk23o_000010875,v3/faces/id0038/German/frPsr-bk23o/000010875.jpg,id0038
v3_faces_id0002_German_B62xVmSfm-0_000090250,v3/faces/id0002/German/B62xVmSfm-0/000090250.jpg,id0002
v3_faces_id0009_German_k4a9aqDW_dI_000050125,v3/faces/id0009/German/k4a9aqDW_dI/000050125.jpg,id0009
v3_faces_id0055_German_DM3pI__Ipcc_000220350,v3/faces/id0055/German/DM3pI__Ipcc/000220350.jpg,id0055
v3_faces_id0030_German_VIHNCmmNH1s_000790450,v3/faces/id0030/German/VIHNCmmNH1s/000790450.jpg,id0030
v3_faces_id0047_German_yDeRW0liUCU_000000025,v3/faces/id0047/German/yDeRW0liUCU/000000025.jpg,id0047
v3_faces_id0032_German_CwhU5o8eoKE_000050075,v3/faces/id0032/German/CwhU5o8eoKE/000050075.jpg,id0032
v3_faces_id0023_German_yW1PTXpW0JA_000560225,v3/faces/id0023/German/yW1PTXpW0JA/000560225.jpg,id0023
v3_faces_id0006_German_Q-VBiizGNq8_000450250,v3/faces/id0006/German/Q-VBiizGNq8/000450250.jpg,id0006
v3_faces_id0002_German_B62xVmSfm-0_000150025,v3/faces/id0002/German/B62xVmSfm-0/000150025.jpg,id0002
v3_faces_id0006_German_Q-VBiizGNq8_000650375,v3/faces/id0006/German/Q-VBiizGNq8/000650375.jpg,id0006
v3_faces_id0044_German_XmZU2xgo9VY_000340175,v3/faces/id0044/German/XmZU2xgo9VY/000340175.jpg,id0044
v3_faces_id0041_German__z4ZcI9_zIo_000020550,v3/faces/id0041/German/_z4ZcI9_zIo/000020550.jpg,id0041
v3_faces_id0043_German_8E4QdBhilgs_000000175,v3/faces/id0043/German/8E4QdBhilgs/000000175.jpg,id0043
v3_faces_id0016_German_7BrV3ztO9mw_000020125,v3/faces/id0016/German/7BrV3ztO9mw/000020125.jpg,id0016
v3_faces_id0041_German_TR36AhhvdL8_000010075,v3/faces/id0041/German/TR36AhhvdL8/000010075.jpg,id0041
v3_faces_id0027_German_IMTOrqs7Inw_000020075,v3/faces/id0027/German/IMTOrqs7Inw/000020075.jpg,id0027
v3_faces_id0028_German_eogFUuT25f4_000260100,v3/faces/id0028/German/eogFUuT25f4/000260100.jpg,id0028
v3_faces_id0044_German_XmZU2xgo9VY_000130400,v3/faces/id0044/German/XmZU2xgo9VY/000130400.jpg,id0044
v3_faces_id0004_German_HR-NUPX26H0_000010350,v3/faces/id0004/German/HR-NUPX26H0/000010350.jpg,id0004
v3_faces_id0044_German_C-3jFBE5IR8_000040400,v3/faces/id0044/German/C-3jFBE5IR8/000040400.jpg,id0044
v3_faces_id0006_German_Q-VBiizGNq8_000230200,v3/faces/id0006/German/Q-VBiizGNq8/000230200.jpg,id0006
v3_faces_id0006_German_Q-VBiizGNq8_000150200,v3/faces/id0006/German/Q-VBiizGNq8/000150200.jpg,id0006
v3_faces_id0022_German_9Qi5kevt5L4_000200075,v3/faces/id0022/German/9Qi5kevt5L4/000200075.jpg,id0022
v3_faces_id0030_German_VIHNCmmNH1s_000040125,v3/faces/id0030/German/VIHNCmmNH1s/000040125.jpg,id0030
v3_faces_id0041_German_zLCoM3KRn7w_000370150,v3/faces/id0041/German/zLCoM3KRn7w/000370150.jpg,id0041
v3_faces_id0041_German_zLCoM3KRn7w_000290350,v3/faces/id0041/German/zLCoM3KRn7w/000290350.jpg,id0041
v3_faces_id0006_German_Q-VBiizGNq8_000300425,v3/faces/id0006/German/Q-VBiizGNq8/000300425.jpg,id0006
v3_faces_id0028_German_eogFUuT25f4_000161275,v3/faces/id0028/German/eogFUuT25f4/000161275.jpg,id0028
v3_faces_id0038_German_DKdY6ld_lJI_000120575,v3/faces/id0038/German/DKdY6ld_lJI/000120575.jpg,id0038
v3_faces_id0055_German_Kp2Knao6Qu8_000200075,v3/faces/id0055/German/Kp2Knao6Qu8/000200075.jpg,id0055
v3_faces_id0041_German_dzdj2DxHqwY_000080050,v3/faces/id0041/German/dzdj2DxHqwY/000080050.jpg,id0041
v3_faces_id0055_German_DM3pI__Ipcc_000170125,v3/faces/id0055/German/DM3pI__Ipcc/000170125.jpg,id0055
v3_faces_id0055_German_Kp2Knao6Qu8_000220200,v3/faces/id0055/German/Kp2Knao6Qu8/000220200.jpg,id0055
v3_faces_id0056_German_puhVKfWcHcs_001011325,v3/faces/id0056/German/puhVKfWcHcs/001011325.jpg,id0056
v3_faces_id0053_German_TmRFMHLSAXc_000030025,v3/faces/id0053/German/TmRFMHLSAXc/000030025.jpg,id0053
v3_faces_id0001_German_OmqPjkYoqRo_000030325,v3/faces/id0001/German/OmqPjkYoqRo/000030325.jpg,id0001
v3_faces_id0006_German_Q-VBiizGNq8_000530400,v3/faces/id0006/German/Q-VBiizGNq8/000530400.jpg,id0006
v3_faces_id0016_German_7BrV3ztO9mw_000080250,v3/faces/id0016/German/7BrV3ztO9mw/000080250.jpg,id0016
v3_faces_id0041_German_zLCoM3KRn7w_000350100,v3/faces/id0041/German/zLCoM3KRn7w/000350100.jpg,id0041
v3_faces_id0006_German_Q-VBiizGNq8_000810175,v3/faces/id0006/German/Q-VBiizGNq8/000810175.jpg,id0006
v3_faces_id0030_German_VIHNCmmNH1s_000480225,v3/faces/id0030/German/VIHNCmmNH1s/000480225.jpg,id0030
v3_faces_id0030_German_VIHNCmmNH1s_000900100,v3/faces/id0030/German/VIHNCmmNH1s/000900100.jpg,id0030
v3_faces_id0030_German_VIHNCmmNH1s_000680375,v3/faces/id0030/German/VIHNCmmNH1s/000680375.jpg,id0030
v3_faces_id0057_German_D5rBHljMhhU_000390250,v3/faces/id0057/German/D5rBHljMhhU/000390250.jpg,id0057
v3_faces_id0013_German_zpmcvt4j--U_000030075,v3/faces/id0013/German/zpmcvt4j--U/000030075.jpg,id0013
v3_faces_id0057_German_D5rBHljMhhU_000120150,v3/faces/id0057/German/D5rBHljMhhU/000120150.jpg,id0057
v3_faces_id0001_German_O14Izflu0ac_000040225,v3/faces/id0001/German/O14Izflu0ac/000040225.jpg,id0001
v3_faces_id0018_German_IACquCI-U50_000011125,v3/faces/id0018/German/IACquCI-U50/000011125.jpg,id0018
v3_faces_id0020_German_-bhDAECe3FI_000090175,v3/faces/id0020/German/-bhDAECe3FI/000090175.jpg,id0020
v3_faces_id0016_German_7BrV3ztO9mw_000070050,v3/faces/id0016/German/7BrV3ztO9mw/000070050.jpg,id0016
v3_faces_id0057_German_D5rBHljMhhU_000050350,v3/faces/id0057/German/D5rBHljMhhU/000050350.jpg,id0057
v3_faces_id0006_German_Q-VBiizGNq8_000430475,v3/faces/id0006/German/Q-VBiizGNq8/000430475.jpg,id0006
v3_faces_id0016_German_7BrV3ztO9mw_000020050,v3/faces/id0016/German/7BrV3ztO9mw/000020050.jpg,id0016
v3_faces_id0020_German_-bhDAECe3FI_000440150,v3/faces/id0020/German/-bhDAECe3FI/000440150.jpg,id0020
v3_faces_id0030_German_VIHNCmmNH1s_000230675,v3/faces/id0030/German/VIHNCmmNH1s/000230675.jpg,id0030
v3_faces_id0047_German_yIxQbCEXK9s_000050375,v3/faces/id0047/German/yIxQbCEXK9s/000050375.jpg,id0047
v3_faces_id0006_German_Q-VBiizGNq8_000300175,v3/faces/id0006/German/Q-VBiizGNq8/000300175.jpg,id0006
v3_faces_id0030_German_VIHNCmmNH1s_000280025,v3/faces/id0030/German/VIHNCmmNH1s/000280025.jpg,id0030
v3_faces_id0057_German_Zo-zH4oduic_000070225,v3/faces/id0057/German/Zo-zH4oduic/000070225.jpg,id0057
v3_faces_id0047_German_yIxQbCEXK9s_000030125,v3/faces/id0047/German/yIxQbCEXK9s/000030125.jpg,id0047
v3_faces_id0044_German_C-3jFBE5IR8_000080625,v3/faces/id0044/German/C-3jFBE5IR8/000080625.jpg,id0044
v3_faces_id0023_German_yW1PTXpW0JA_000560200,v3/faces/id0023/German/yW1PTXpW0JA/000560200.jpg,id0023
v3_faces_id0043_German_AljbaZimb9I_000020175,v3/faces/id0043/German/AljbaZimb9I/000020175.jpg,id0043
v3_faces_id0030_German_VIHNCmmNH1s_000260275,v3/faces/id0030/German/VIHNCmmNH1s/000260275.jpg,id0030
v3_faces_id0001_German_OmqPjkYoqRo_000250075,v3/faces/id0001/German/OmqPjkYoqRo/000250075.jpg,id0001
v3_faces_id0016_German_7BrV3ztO9mw_000080025,v3/faces/id0016/German/7BrV3ztO9mw/000080025.jpg,id0016
v3_faces_id0052_German_z-aSUEN-sXQ_000022550,v3/faces/id0052/German/z-aSUEN-sXQ/000022550.jpg,id0052
v3_faces_id0023_German_jYbpEskg0wE_000000775,v3/faces/id0023/German/jYbpEskg0wE/000000775.jpg,id0023
v3_faces_id0028_German_DRnos20OlzY_000060125,v3/faces/id0028/German/DRnos20OlzY/000060125.jpg,id0028
v3_faces_id0013_German_ex8WF8z3vq8_000100875,v3/faces/id0013/German/ex8WF8z3vq8/000100875.jpg,id0013
v3_faces_id0044_German_M4U9DcJd3Rc_000010050,v3/faces/id0044/German/M4U9DcJd3Rc/000010050.jpg,id0044
v3_faces_id0010_German_MxiOjLkQ-98_000210225,v3/faces/id0010/German/MxiOjLkQ-98/000210225.jpg,id0010
v3_faces_id0057_German_D5rBHljMhhU_000100225,v3/faces/id0057/German/D5rBHljMhhU/000100225.jpg,id0057
v3_faces_id0030_German_VIHNCmmNH1s_000510400,v3/faces/id0030/German/VIHNCmmNH1s/000510400.jpg,id0030
v3_faces_id0028_German_eogFUuT25f4_000200400,v3/faces/id0028/German/eogFUuT25f4/000200400.jpg,id0028
v3_faces_id0044_German_XmZU2xgo9VY_000400025,v3/faces/id0044/German/XmZU2xgo9VY/000400025.jpg,id0044
v3_faces_id0013_German_q9aCn9w1oJA_000072675,v3/faces/id0013/German/q9aCn9w1oJA/000072675.jpg,id0013
v3_faces_id0042_German_8VCOg4ELM_s_000050250,v3/faces/id0042/German/8VCOg4ELM_s/000050250.jpg,id0042
v3_faces_id0016_German_7BrV3ztO9mw_000040225,v3/faces/id0016/German/7BrV3ztO9mw/000040225.jpg,id0016
v3_faces_id0028_German_eogFUuT25f4_000240275,v3/faces/id0028/German/eogFUuT25f4/000240275.jpg,id0028
v3_faces_id0041_German_dzdj2DxHqwY_000090125,v3/faces/id0041/German/dzdj2DxHqwY/000090125.jpg,id0041
v3_faces_id0028_German_eogFUuT25f4_000150700,v3/faces/id0028/German/eogFUuT25f4/000150700.jpg,id0028
v3_faces_id0010_German_MxiOjLkQ-98_000730325,v3/faces/id0010/German/MxiOjLkQ-98/000730325.jpg,id0010
v3_faces_id0028_German_eogFUuT25f4_000190025,v3/faces/id0028/German/eogFUuT25f4/000190025.jpg,id0028
v3_faces_id0006_German_Q-VBiizGNq8_000340575,v3/faces/id0006/German/Q-VBiizGNq8/000340575.jpg,id0006
v3_faces_id0001_German_OmqPjkYoqRo_000110525,v3/faces/id0001/German/OmqPjkYoqRo/000110525.jpg,id0001
v3_faces_id0055_German_oucoU5tp0zw_000280100,v3/faces/id0055/German/oucoU5tp0zw/000280100.jpg,id0055
v3_faces_id0013_German_ex8WF8z3vq8_000070675,v3/faces/id0013/German/ex8WF8z3vq8/000070675.jpg,id0013
v3_faces_id0041_German_TR36AhhvdL8_000060275,v3/faces/id0041/German/TR36AhhvdL8/000060275.jpg,id0041
v3_faces_id0044_German_C-3jFBE5IR8_000020950,v3/faces/id0044/German/C-3jFBE5IR8/000020950.jpg,id0044
v3_faces_id0028_German_eogFUuT25f4_000240300,v3/faces/id0028/German/eogFUuT25f4/000240300.jpg,id0028
v3_faces_id0028_German_eogFUuT25f4_000340350,v3/faces/id0028/German/eogFUuT25f4/000340350.jpg,id0028
v3_faces_id0041_German_zLCoM3KRn7w_000030075,v3/faces/id0041/German/zLCoM3KRn7w/000030075.jpg,id0041
v3_faces_id0028_German_eogFUuT25f4_000210475,v3/faces/id0028/German/eogFUuT25f4/000210475.jpg,id0028
v3_faces_id0010_German_MxiOjLkQ-98_000230125,v3/faces/id0010/German/MxiOjLkQ-98/000230125.jpg,id0010
v3_faces_id0030_German_VIHNCmmNH1s_000410225,v3/faces/id0030/German/VIHNCmmNH1s/000410225.jpg,id0030
v3_faces_id0016_German_dvpMWTzxPAc_000160175,v3/faces/id0016/German/dvpMWTzxPAc/000160175.jpg,id0016
v3_faces_id0036_German_37j06NKAB3c_000070050,v3/faces/id0036/German/37j06NKAB3c/000070050.jpg,id0036
v3_faces_id0016_German_dvpMWTzxPAc_000090025,v3/faces/id0016/German/dvpMWTzxPAc/000090025.jpg,id0016
v3_faces_id0023_German_jYbpEskg0wE_000130575,v3/faces/id0023/German/jYbpEskg0wE/000130575.jpg,id0023
v3_faces_id0044_German_C-3jFBE5IR8_000000525,v3/faces/id0044/German/C-3jFBE5IR8/000000525.jpg,id0044
v3_faces_id0046_German_DkbEyCAV-wk_000490225,v3/faces/id0046/German/DkbEyCAV-wk/000490225.jpg,id0046
v3_faces_id0057_German_D5rBHljMhhU_000360150,v3/faces/id0057/German/D5rBHljMhhU/000360150.jpg,id0057
v3_faces_id0018_German_IACquCI-U50_000010025,v3/faces/id0018/German/IACquCI-U50/000010025.jpg,id0018
v3_faces_id0016_German_4BEYh1O14Oc_000240700,v3/faces/id0016/German/4BEYh1O14Oc/000240700.jpg,id0016
v3_faces_id0045_German_orxGzeyHuE0_000230150,v3/faces/id0045/German/orxGzeyHuE0/000230150.jpg,id0045
v3_faces_id0048_German_1pzw0Ygg9AE_000060125,v3/faces/id0048/German/1pzw0Ygg9AE/000060125.jpg,id0048
v3_faces_id0055_German_oucoU5tp0zw_000170100,v3/faces/id0055/German/oucoU5tp0zw/000170100.jpg,id0055
v3_faces_id0047_German_yDeRW0liUCU_000020300,v3/faces/id0047/German/yDeRW0liUCU/000020300.jpg,id0047
v3_faces_id0038_German_frPsr-bk23o_000010400,v3/faces/id0038/German/frPsr-bk23o/000010400.jpg,id0038
v3_faces_id0041_German_TR36AhhvdL8_000060050,v3/faces/id0041/German/TR36AhhvdL8/000060050.jpg,id0041
v3_faces_id0009_German_k4a9aqDW_dI_000270050,v3/faces/id0009/German/k4a9aqDW_dI/000270050.jpg,id0009
v3_faces_id0057_German_D5rBHljMhhU_000350100,v3/faces/id0057/German/D5rBHljMhhU/000350100.jpg,id0057
v3_faces_id0001_German_OmqPjkYoqRo_000290100,v3/faces/id0001/German/OmqPjkYoqRo/000290100.jpg,id0001
v3_faces_id0028_German_eogFUuT25f4_000180025,v3/faces/id0028/German/eogFUuT25f4/000180025.jpg,id0028
v3_faces_id0055_German_oucoU5tp0zw_000020125,v3/faces/id0055/German/oucoU5tp0zw/000020125.jpg,id0055
v3_faces_id0057_German_LxEE7IYHGAk_000051200,v3/faces/id0057/German/LxEE7IYHGAk/000051200.jpg,id0057
v3_faces_id0013_German_SQulJxMHQPA_000120250,v3/faces/id0013/German/SQulJxMHQPA/000120250.jpg,id0013
v3_faces_id0022_German_leLXJ5heYXg_000060950,v3/faces/id0022/German/leLXJ5heYXg/000060950.jpg,id0022
v3_faces_id0056_German_0sMoUCzqj1Q_000050125,v3/faces/id0056/German/0sMoUCzqj1Q/000050125.jpg,id0056
v3_faces_id0013_German_ex8WF8z3vq8_000100575,v3/faces/id0013/German/ex8WF8z3vq8/000100575.jpg,id0013
v3_faces_id0044_German_XmZU2xgo9VY_000170250,v3/faces/id0044/German/XmZU2xgo9VY/000170250.jpg,id0044
v3_faces_id0013_German_SQulJxMHQPA_000120725,v3/faces/id0013/German/SQulJxMHQPA/000120725.jpg,id0013
v3_faces_id0057_German_D5rBHljMhhU_000370275,v3/faces/id0057/German/D5rBHljMhhU/000370275.jpg,id0057
v3_faces_id0010_German_MxiOjLkQ-98_000560050,v3/faces/id0010/German/MxiOjLkQ-98/000560050.jpg,id0010
v3_faces_id0045_German_orxGzeyHuE0_000230125,v3/faces/id0045/German/orxGzeyHuE0/000230125.jpg,id0045
v3_faces_id0030_German_VIHNCmmNH1s_000030100,v3/faces/id0030/German/VIHNCmmNH1s/000030100.jpg,id0030
v3_faces_id0005_German_cHAEAKF2jzo_000010075,v3/faces/id0005/German/cHAEAKF2jzo/000010075.jpg,id0005
v3_faces_id0013_German_ZampFS4gy48_000050550,v3/faces/id0013/German/ZampFS4gy48/000050550.jpg,id0013
v3_faces_id0008_German_iFBUYgv1WeA_000060450,v3/faces/id0008/German/iFBUYgv1WeA/000060450.jpg,id0008
v3_faces_id0030_German_VIHNCmmNH1s_000590125,v3/faces/id0030/German/VIHNCmmNH1s/000590125.jpg,id0030
v3_faces_id0055_German_oucoU5tp0zw_000020150,v3/faces/id0055/German/oucoU5tp0zw/000020150.jpg,id0055
v3_faces_id0057_German_Zo-zH4oduic_000070050,v3/faces/id0057/German/Zo-zH4oduic/000070050.jpg,id0057
v3_faces_id0044_German_XmZU2xgo9VY_000190150,v3/faces/id0044/German/XmZU2xgo9VY/000190150.jpg,id0044
v3_faces_id0046_German_DkbEyCAV-wk_000490125,v3/faces/id0046/German/DkbEyCAV-wk/000490125.jpg,id0046
v3_faces_id0028_German_eogFUuT25f4_000410250,v3/faces/id0028/German/eogFUuT25f4/000410250.jpg,id0028
v3_faces_id0012_German__jyAzohq6Qg_000230025,v3/faces/id0012/German/_jyAzohq6Qg/000230025.jpg,id0012
v3_faces_id0044_German_C-3jFBE5IR8_000111225,v3/faces/id0044/German/C-3jFBE5IR8/000111225.jpg,id0044
v3_faces_id0030_German_VIHNCmmNH1s_000480050,v3/faces/id0030/German/VIHNCmmNH1s/000480050.jpg,id0030
v3_faces_id0041_German_dzdj2DxHqwY_000280150,v3/faces/id0041/German/dzdj2DxHqwY/000280150.jpg,id0041
v3_faces_id0006_German_Q-VBiizGNq8_000420225,v3/faces/id0006/German/Q-VBiizGNq8/000420225.jpg,id0006
v3_faces_id0055_German_DM3pI__Ipcc_000220200,v3/faces/id0055/German/DM3pI__Ipcc/000220200.jpg,id0055
v3_faces_id0016_German_7BrV3ztO9mw_000070250,v3/faces/id0016/German/7BrV3ztO9mw/000070250.jpg,id0016
v3_faces_id0042_German_8VCOg4ELM_s_000020075,v3/faces/id0042/German/8VCOg4ELM_s/000020075.jpg,id0042
v3_faces_id0028_German_eogFUuT25f4_000170650,v3/faces/id0028/German/eogFUuT25f4/000170650.jpg,id0028
v3_faces_id0056_German_puhVKfWcHcs_000070475,v3/faces/id0056/German/puhVKfWcHcs/000070475.jpg,id0056
v3_faces_id0041_German_TR36AhhvdL8_000050100,v3/faces/id0041/German/TR36AhhvdL8/000050100.jpg,id0041
v3_faces_id0044_German_C-3jFBE5IR8_000001200,v3/faces/id0044/German/C-3jFBE5IR8/000001200.jpg,id0044
